idx,label,target_rad,band_rad,settle_time_s,final_error_rad,final_error_ticks,achieved_rate_hz,final_integral,integral_saturated
0,step,0.0200,0.00307,0.0862,0.00006,0.04,494.3,0.00,False
1,step,-0.0200,0.00307,0.1426,-0.00006,-0.04,494.3,-0.00,False
2,step,0.0200,0.00307,0.0903,0.00006,0.04,494.3,0.00,False
3,step,-0.0200,0.00307,0.1386,-0.00006,-0.04,494.2,-0.00,False
4,step,0.0200,0.00307,0.0895,0.00006,0.04,495.4,0.00,False
5,step,-0.0200,0.00307,0.1366,-0.00006,-0.04,494.3,-0.00,False
6,step,0.0200,0.00307,0.0890,0.00006,0.04,493.3,0.00,False
7,step,-0.0200,0.00307,0.1335,-0.00006,-0.04,493.1,-0.00,False
8,step,0.0200,0.00307,0.0903,0.00006,0.04,494.2,0.00,False
9,step,-0.0200,0.00307,0.1359,-0.00006,-0.04,494.3,-0.00,False
10,step,0.0200,0.00307,0.0842,0.00006,0.04,494.3,0.00,False
11,step,-0.0200,0.00307,0.1340,-0.00006,-0.04,497.5,-0.00,False
12,step,0.0200,0.00307,0.0883,0.00006,0.04,493.1,0.00,False
13,step,-0.0200,0.00307,0.1346,-0.00006,-0.04,494.2,-0.00,False
14,step,0.0200,0.00307,0.0887,0.00006,0.04,495.3,0.00,False
15,step,-0.0200,0.00307,0.1328,-0.00006,-0.04,496.4,-0.00,False
16,step,0.0200,0.00307,0.0919,0.00006,0.04,497.5,0.00,False
17,step,-0.0200,0.00307,0.1400,-0.00006,-0.04,495.3,-0.00,False
18,step,0.0200,0.00307,0.0879,0.00006,0.04,487.6,0.00,False
19,step,-0.0200,0.00307,0.1397,-0.00006,-0.04,495.3,-0.00,False
