t,pos,error,integral,u_fb,i_grav,i_fric,u_total,measured_current
0.00000,1.04771,-1.64771,0.000,-3295.418,-17.322,-40.000,-350.000,-1.0626
0.03147,1.04771,-1.64771,-0.052,-3299.566,-17.322,-40.000,-350.000,-1.0626
0.06321,1.04771,-1.64771,-0.104,-3303.750,-17.322,-40.000,-350.000,-1.0626
0.09521,1.04771,-1.64771,-0.157,-3307.968,-17.322,-40.000,-350.000,-1.0626
0.12720,1.04771,-1.64771,-0.210,-3312.185,-17.322,-40.000,-350.000,-1.0626
0.15919,1.04771,-1.64771,-0.262,-3316.402,-17.322,-40.000,-350.000,-1.0626
0.19119,1.04771,-1.64771,-0.315,-3320.620,-17.322,-40.000,-350.000,-1.0626
0.22318,1.04771,-1.64771,-0.368,-3324.837,-17.322,-40.000,-350.000,-1.0626
0.25518,1.04771,-1.64771,-0.420,-3329.055,-17.322,-40.000,-350.000,-1.0626
0.28718,1.04771,-1.64771,-0.473,-3333.272,-17.322,-40.000,-350.000,-1.0626
0.31918,1.04771,-1.64771,-0.526,-3337.491,-17.322,-40.000,-350.000,-1.0626
0.35117,1.04771,-1.64771,-0.579,-3341.708,-17.322,-40.000,-350.000,-1.0626
0.38317,1.04771,-1.64771,-0.631,-3345.925,-17.322,-40.000,-350.000,-1.0626
0.41516,1.04771,-1.64771,-0.684,-3350.143,-17.322,-40.000,-350.000,-1.0626
0.44715,1.04771,-1.64771,-0.737,-3354.360,-17.322,-40.000,-350.000,-1.0626
0.47915,1.04771,-1.64771,-0.790,-3358.578,-17.322,-40.000,-350.000,-1.0626
0.51113,1.04771,-1.64771,-0.842,-3362.793,-17.322,-40.000,-350.000,-1.0626
0.54312,1.04771,-1.64771,-0.895,-3367.010,-17.322,-40.000,-350.000,-1.0626
0.57511,1.04771,-1.64771,-0.948,-3371.227,-17.322,-40.000,-350.000,-1.0626
0.60711,1.04771,-1.64771,-1.000,-3375.445,-17.322,-40.000,-350.000,-1.0626
0.63910,1.04771,-1.64771,-1.053,-3379.662,-17.322,-40.000,-350.000,-1.0626
0.67110,1.04771,-1.64771,-1.106,-3383.880,-17.322,-40.000,-350.000,-1.0626
0.70309,1.04771,-1.64771,-1.158,-3388.097,-17.322,-40.000,-350.000,-1.0626
0.73509,1.04771,-1.64771,-1.211,-3392.314,-17.322,-40.000,-350.000,-1.0626
0.76708,1.04771,-1.64771,-1.264,-3396.532,-17.322,-40.000,-350.000,-1.0626
0.79907,1.04771,-1.64771,-1.317,-3400.749,-17.322,-40.000,-350.000,-1.0626
0.83107,1.04771,-1.64771,-1.369,-3404.966,-17.322,-40.000,-350.000,-1.0626
0.86306,1.04771,-1.64771,-1.422,-3409.184,-17.322,-40.000,-350.000,-1.0626
0.89506,1.04771,-1.64771,-1.475,-3413.402,-17.322,-40.000,-350.000,-1.0626
0.92705,1.04771,-1.64771,-1.528,-3417.619,-17.322,-40.000,-350.000,-1.0626
0.95905,1.04771,-1.64771,-1.580,-3421.836,-17.322,-40.000,-350.000,-1.0626
0.99104,1.04771,-1.64771,-1.633,-3426.054,-17.322,-40.000,-350.000,-1.0626
1.02303,1.04771,-1.64771,-1.686,-3430.270,-17.322,-40.000,-350.000,-1.0626
1.05503,1.04771,-1.64771,-1.738,-3434.488,-17.322,-40.000,-350.000,-1.0626
1.08702,1.04771,-1.64771,-1.791,-3438.705,-17.322,-40.000,-350.000,-1.0626
1.11901,1.04771,-1.64771,-1.844,-3442.922,-17.322,-40.000,-350.000,-1.0626
1.15101,1.04771,-1.64771,-1.897,-3447.140,-17.322,-40.000,-350.000,-1.0626
1.18300,1.04771,-1.64771,-1.949,-3451.358,-17.322,-40.000,-350.000,-1.0626
1.21500,1.04771,-1.64771,-2.002,-3455.575,-17.322,-40.000,-350.000,-1.0626
1.24699,1.04617,-1.64617,-2.055,-3455.282,-17.248,-40.000,-350.000,-1.0626
1.27899,1.04771,-1.64771,-2.107,-3465.444,-17.322,-40.000,-350.000,-1.0626
1.31098,1.04771,-1.64771,-2.160,-3468.223,-17.322,-40.000,-350.000,-1.0626
1.34298,1.04771,-1.64771,-2.213,-3472.440,-17.322,-40.000,-350.000,-1.0626
1.37497,1.04771,-1.64771,-2.265,-3476.658,-17.322,-40.000,-350.000,-1.0626
1.40696,1.04771,-1.64771,-2.318,-3480.875,-17.322,-40.000,-350.000,-1.0626
1.43896,1.04771,-1.64771,-2.371,-3485.092,-17.322,-40.000,-350.000,-1.0626
1.47095,1.04771,-1.64771,-2.424,-3489.310,-17.322,-40.000,-350.000,-1.0626
1.50298,1.04771,-1.64771,-2.476,-3493.532,-17.322,-40.000,-350.000,-1.0626
1.53497,1.04771,-1.64771,-2.529,-3497.749,-17.322,-40.000,-350.000,-1.0626
1.56732,1.04771,-1.64771,-2.582,-3502.013,-17.322,-40.000,-350.000,-1.0626
1.59896,1.04771,-1.64771,-2.635,-3506.184,-17.322,-40.000,-350.000,-1.0626
1.63096,1.04771,-1.64771,-2.687,-3510.401,-17.322,-40.000,-350.000,-1.0626
1.66295,1.04771,-1.64771,-2.740,-3514.619,-17.322,-40.000,-350.000,-1.0626
1.69501,1.04771,-1.64771,-2.793,-3518.844,-17.322,-40.000,-350.000,-1.0626
1.72700,1.04771,-1.64771,-2.846,-3523.061,-17.322,-40.000,-350.000,-1.0626
1.75897,1.04771,-1.64771,-2.898,-3527.275,-17.322,-40.000,-350.000,-1.0626
1.79093,1.04771,-1.64771,-2.951,-3531.489,-17.322,-40.000,-350.000,-1.0626
1.82293,1.04771,-1.64771,-3.004,-3535.706,-17.322,-40.000,-350.000,-1.0626
1.85492,1.04771,-1.64771,-3.056,-3539.923,-17.322,-40.000,-350.000,-1.0626
1.88691,1.04771,-1.64771,-3.109,-3544.139,-17.322,-40.000,-350.000,-1.0626
1.91890,1.04771,-1.64771,-3.162,-3548.357,-17.322,-40.000,-350.000,-1.0626
1.95089,1.04771,-1.64771,-3.214,-3552.574,-17.322,-40.000,-350.000,-1.0626
1.98289,1.04771,-1.64771,-3.267,-3556.792,-17.322,-40.000,-350.000,-1.0626
2.01488,1.04771,-1.64771,-3.320,-3561.009,-17.322,-40.000,-350.000,-1.0626
2.04688,1.04771,-1.64771,-3.373,-3565.226,-17.322,-40.000,-350.000,-1.0626
2.07887,1.04771,-1.64771,-3.425,-3569.444,-17.322,-40.000,-350.000,-1.0626
2.11086,1.04771,-1.64771,-3.478,-3573.660,-17.322,-40.000,-350.000,-1.0626
2.14286,1.04771,-1.64771,-3.531,-3577.879,-17.322,-40.000,-350.000,-1.0626
2.17485,1.04771,-1.64771,-3.583,-3582.096,-17.322,-40.000,-350.000,-1.0626
2.20685,1.04771,-1.64771,-3.636,-3586.313,-17.322,-40.000,-350.000,-1.0626
2.23884,1.04771,-1.64771,-3.689,-3590.531,-17.322,-40.000,-350.000,-1.0626
2.27081,1.04771,-1.64771,-3.742,-3594.745,-17.322,-40.000,-350.000,-1.0626
2.30284,1.04771,-1.64771,-3.794,-3598.966,-17.322,-40.000,-350.000,-1.0626
2.33482,1.04771,-1.64771,-3.847,-3603.183,-17.322,-40.000,-350.000,-1.0626
2.36682,1.04771,-1.64771,-3.900,-3607.400,-17.322,-40.000,-350.000,-1.0626
2.39882,1.04771,-1.64771,-3.953,-3611.618,-17.322,-40.000,-350.000,-1.0626
2.43081,1.04771,-1.64771,-4.005,-3615.836,-17.322,-40.000,-350.000,-1.0626
2.46281,1.04771,-1.64771,-4.058,-3620.053,-17.322,-40.000,-350.000,-1.0626
2.49480,1.04771,-1.64771,-4.111,-3624.270,-17.322,-40.000,-350.000,-1.0626
2.52680,1.04771,-1.64771,-4.163,-3628.488,-17.322,-40.000,-350.000,-1.0626
2.55877,1.04771,-1.64771,-4.216,-3632.703,-17.322,-40.000,-350.000,-1.0626
2.59079,1.04771,-1.64771,-4.269,-3636.924,-17.322,-40.000,-350.000,-1.0626
2.62279,1.04771,-1.64771,-4.322,-3641.141,-17.322,-40.000,-350.000,-1.0626
2.65476,1.04771,-1.64771,-4.374,-3645.356,-17.322,-40.000,-350.000,-1.0626
2.68676,1.04771,-1.64771,-4.427,-3649.574,-17.322,-40.000,-350.000,-1.0626
2.71875,1.04771,-1.64771,-4.480,-3653.791,-17.322,-40.000,-350.000,-1.0626
2.75074,1.04771,-1.64771,-4.532,-3658.008,-17.322,-40.000,-350.000,-1.0626
2.78274,1.04771,-1.64771,-4.585,-3662.225,-17.322,-40.000,-350.000,-1.0626
2.81474,1.04771,-1.64771,-4.638,-3666.443,-17.322,-40.000,-350.000,-1.0626
2.84673,1.04771,-1.64771,-4.691,-3670.660,-17.322,-40.000,-350.000,-1.0626
2.87872,1.04771,-1.64771,-4.743,-3674.877,-17.322,-40.000,-350.000,-1.0626
2.91072,1.04771,-1.64771,-4.796,-3679.095,-17.322,-40.000,-350.000,-1.0626
2.94274,1.04771,-1.64771,-4.849,-3683.317,-17.322,-40.000,-350.000,-1.0626
2.97470,1.04771,-1.64771,-4.901,-3687.529,-17.322,-40.000,-350.000,-1.0626
3.00670,1.04771,-1.64771,-4.954,-3691.747,-17.322,-40.000,-350.000,-1.0626
