t,pos,error,u_fb,i_grav,i_fric,u_total,measured_current
0.00000,0.04295,-0.02295,-1.836,0.089,-35.000,-36.747,0.0000
0.00216,0.04295,-0.02295,-1.836,0.089,-35.000,-36.747,0.0000
0.00416,0.04295,-0.02295,-1.837,0.089,-35.000,-36.747,0.0000
0.00616,0.04295,-0.02295,-1.837,0.089,-35.000,-36.747,0.0000
0.00816,0.04295,-0.02295,-1.837,0.089,-35.000,-36.748,0.0000
0.01016,0.04295,-0.02295,-1.837,0.089,-35.000,-36.748,0.0000
0.01217,0.04295,-0.02295,-1.838,0.089,-35.000,-36.748,0.0000
0.01416,0.04295,-0.02295,-1.838,0.089,-35.000,-36.748,0.0000
0.01617,0.04295,-0.02295,-1.838,0.089,-35.000,-36.748,0.0000
0.01816,0.04295,-0.02295,-1.838,0.089,-35.000,-36.749,0.0000
0.02016,0.04295,-0.02295,-1.838,0.089,-35.000,-36.749,0.0000
0.02216,0.04295,-0.02295,-1.839,0.089,-35.000,-36.749,0.0000
0.02416,0.04295,-0.02295,-1.839,0.089,-35.000,-36.749,0.0000
0.02615,0.04295,-0.02295,-1.839,0.089,-35.000,-36.750,0.0000
0.02962,0.04295,-0.02295,-1.840,0.089,-35.000,-36.750,0.0000
0.03220,0.04295,-0.02295,-1.840,0.089,-35.000,-36.750,0.0000
0.03419,0.04295,-0.02295,-1.840,0.089,-35.000,-36.751,0.0000
0.03618,0.04295,-0.02295,-1.840,0.089,-35.000,-36.751,0.0000
0.03818,0.04295,-0.02295,-1.840,0.089,-35.000,-36.751,0.0000
0.04018,0.04295,-0.02295,-1.841,0.089,-35.000,-36.751,0.0000
0.04489,0.04295,-0.02295,-1.841,0.089,-35.000,-36.752,0.0000
0.04717,0.04295,-0.02295,-1.842,0.089,-35.000,-36.752,0.0000
0.04917,0.04295,-0.02295,-1.842,0.089,-35.000,-36.752,0.0000
0.05116,0.04295,-0.02295,-1.842,0.089,-35.000,-36.752,0.0000
0.05317,0.04295,-0.02295,-1.842,0.089,-35.000,-36.753,0.0000
0.05516,0.04295,-0.02295,-1.842,0.089,-35.000,-36.753,0.0000
0.05716,0.04295,-0.02295,-1.843,0.089,-35.000,-36.753,0.0000
0.05916,0.04295,-0.02295,-1.843,0.089,-35.000,-36.753,0.0000
0.06116,0.04295,-0.02295,-1.843,0.089,-35.000,-36.754,0.0000
0.06316,0.04295,-0.02295,-1.843,0.089,-35.000,-36.754,0.0000
0.06516,0.04295,-0.02295,-1.844,0.089,-35.000,-36.754,0.0000
0.06714,0.04295,-0.02295,-1.844,0.089,-35.000,-36.754,0.0000
0.06916,0.04295,-0.02295,-1.844,0.089,-35.000,-36.755,0.0000
0.07114,0.04295,-0.02295,-1.844,0.089,-35.000,-36.755,0.0000
0.07314,0.04295,-0.02295,-1.845,0.089,-35.000,-36.755,0.0000
0.07514,0.04295,-0.02295,-1.845,0.089,-35.000,-36.755,0.0000
0.07714,0.04295,-0.02295,-1.845,0.089,-35.000,-36.755,0.0000
0.07914,0.04295,-0.02295,-1.845,0.089,-35.000,-36.756,0.0000
0.08114,0.04295,-0.02295,-1.845,0.089,-35.000,-36.756,0.0000
0.08314,0.04295,-0.02295,-1.846,0.089,-35.000,-36.756,0.0000
0.08514,0.04295,-0.02295,-1.846,0.089,-35.000,-36.756,0.0000
0.08714,0.04295,-0.02295,-1.846,0.089,-35.000,-36.757,0.0000
0.08914,0.04295,-0.02295,-1.846,0.089,-35.000,-36.757,0.0000
0.09114,0.04295,-0.02295,-1.847,0.089,-35.000,-36.757,0.0000
0.09314,0.04295,-0.02295,-1.847,0.089,-35.000,-36.757,0.0000
0.09514,0.04295,-0.02295,-1.847,0.089,-35.000,-36.758,0.0000
0.09714,0.04295,-0.02295,-1.847,0.089,-35.000,-36.758,0.0000
0.09914,0.04295,-0.02295,-1.847,0.089,-35.000,-36.758,0.0000
0.10113,0.04295,-0.02295,-1.848,0.089,-35.000,-36.758,0.0000
0.10313,0.04295,-0.02295,-1.848,0.089,-35.000,-36.758,0.0000
0.10514,0.04295,-0.02295,-1.848,0.089,-35.000,-36.759,0.0000
0.10714,0.04295,-0.02295,-1.848,0.089,-35.000,-36.759,0.0000
0.10914,0.04295,-0.02295,-1.849,0.089,-35.000,-36.759,0.0000
0.11114,0.04295,-0.02295,-1.849,0.089,-35.000,-36.759,0.0000
0.11314,0.04295,-0.02295,-1.849,0.089,-35.000,-36.760,0.0000
0.11513,0.04295,-0.02295,-1.849,0.089,-35.000,-36.760,0.0000
0.11714,0.04295,-0.02295,-1.850,0.089,-35.000,-36.760,0.0000
0.11914,0.04295,-0.02295,-1.850,0.089,-35.000,-36.760,0.0000
0.12113,0.04295,-0.02295,-1.850,0.089,-35.000,-36.761,0.0000
0.12313,0.04295,-0.02295,-1.850,0.089,-35.000,-36.761,0.0000
0.12513,0.04295,-0.02295,-1.850,0.089,-35.000,-36.761,0.0000
0.12713,0.04295,-0.02295,-1.851,0.089,-35.000,-36.761,0.0000
0.12913,0.04295,-0.02295,-1.851,0.089,-35.000,-36.761,0.0000
0.13113,0.04295,-0.02295,-1.851,0.089,-35.000,-36.762,0.0000
0.13313,0.04295,-0.02295,-1.851,0.089,-35.000,-36.762,0.0000
0.13513,0.04295,-0.02295,-1.852,0.089,-35.000,-36.762,0.0000
0.13713,0.04295,-0.02295,-1.852,0.089,-35.000,-36.762,0.0000
0.13913,0.04295,-0.02295,-1.852,0.089,-35.000,-36.763,0.0000
0.14113,0.04295,-0.02295,-1.852,0.089,-35.000,-36.763,0.0000
0.14313,0.04295,-0.02295,-1.853,0.089,-35.000,-36.763,0.0000
0.14513,0.04295,-0.02295,-1.853,0.089,-35.000,-36.763,0.0000
0.14713,0.04295,-0.02295,-1.853,0.089,-35.000,-36.763,0.0000
0.14913,0.04295,-0.02295,-1.853,0.089,-35.000,-36.764,0.0000
0.15113,0.04295,-0.02295,-1.853,0.089,-35.000,-36.764,0.0000
0.15313,0.04295,-0.02295,-1.854,0.089,-35.000,-36.764,0.0000
0.15513,0.04295,-0.02295,-1.854,0.089,-35.000,-36.764,0.0000
0.15713,0.04295,-0.02295,-1.854,0.089,-35.000,-36.765,0.0000
0.15913,0.04295,-0.02295,-1.854,0.089,-35.000,-36.765,0.0000
0.16113,0.04295,-0.02295,-1.855,0.089,-35.000,-36.765,0.0000
0.16313,0.04295,-0.02295,-1.855,0.089,-35.000,-36.765,0.0000
0.16513,0.04295,-0.02295,-1.855,0.089,-35.000,-36.766,0.0000
0.16713,0.04295,-0.02295,-1.855,0.089,-35.000,-36.766,0.0000
0.16914,0.04295,-0.02295,-1.856,0.089,-35.000,-36.766,0.0000
0.17113,0.04295,-0.02295,-1.856,0.089,-35.000,-36.766,0.0000
0.17313,0.04295,-0.02295,-1.856,0.089,-35.000,-36.766,0.0000
0.17815,0.04295,-0.02295,-1.857,0.089,-35.000,-36.767,0.0000
0.18013,0.04295,-0.02295,-1.857,0.089,-35.000,-36.767,0.0000
0.18213,0.04295,-0.02295,-1.857,0.089,-35.000,-36.768,0.0000
0.18413,0.04295,-0.02295,-1.857,0.089,-35.000,-36.768,0.0000
0.18613,0.04295,-0.02295,-1.857,0.089,-35.000,-36.768,0.0000
0.18813,0.04295,-0.02295,-1.858,0.089,-35.000,-36.768,0.0000
0.19013,0.04295,-0.02295,-1.858,0.089,-35.000,-36.768,0.0000
0.19213,0.04295,-0.02295,-1.858,0.089,-35.000,-36.769,0.0000
0.19413,0.04295,-0.02295,-1.858,0.089,-35.000,-36.769,0.0000
0.19613,0.04295,-0.02295,-1.859,0.089,-35.000,-36.769,0.0000
0.19813,0.04295,-0.02295,-1.859,0.089,-35.000,-36.769,0.0000
0.20013,0.04295,-0.02295,-1.859,0.089,-35.000,-36.770,0.0000
0.20214,0.04295,-0.02295,-1.859,0.089,-35.000,-36.770,0.0000
0.20413,0.04295,-0.02295,-1.860,0.089,-35.000,-36.770,0.0000
0.20613,0.04295,-0.02295,-1.860,0.089,-35.000,-36.770,0.0000
0.20813,0.04295,-0.02295,-1.860,0.089,-35.000,-36.770,0.0000
0.21013,0.04295,-0.02295,-1.860,0.089,-35.000,-36.771,0.0000
0.21213,0.04295,-0.02295,-1.860,0.089,-35.000,-36.771,0.0000
0.21413,0.04295,-0.02295,-1.861,0.089,-35.000,-36.771,0.0000
0.21613,0.04295,-0.02295,-1.861,0.089,-35.000,-36.771,0.0000
0.21813,0.04295,-0.02295,-1.861,0.089,-35.000,-36.772,0.0000
0.22013,0.04295,-0.02295,-1.861,0.089,-35.000,-36.772,0.0000
0.22213,0.04295,-0.02295,-1.862,0.089,-35.000,-36.772,0.0000
0.22413,0.04295,-0.02295,-1.862,0.089,-35.000,-36.772,0.0000
0.22613,0.04295,-0.02295,-1.862,0.089,-35.000,-36.773,0.0000
0.22813,0.04295,-0.02295,-1.862,0.089,-35.000,-36.773,0.0000
0.23013,0.04295,-0.02295,-1.863,0.089,-35.000,-36.773,0.0000
0.23213,0.04295,-0.02295,-1.863,0.089,-35.000,-36.773,0.0000
0.23413,0.04295,-0.02295,-1.863,0.089,-35.000,-36.773,0.0000
0.23613,0.04295,-0.02295,-1.863,0.089,-35.000,-36.774,0.0000
0.23813,0.04295,-0.02295,-1.863,0.089,-35.000,-36.774,0.0000
0.24013,0.04295,-0.02295,-1.864,0.089,-35.000,-36.774,0.0000
0.24213,0.04295,-0.02295,-1.864,0.089,-35.000,-36.774,0.0000
0.24413,0.04295,-0.02295,-1.864,0.089,-35.000,-36.775,0.0000
0.24613,0.04295,-0.02295,-1.864,0.089,-35.000,-36.775,0.0000
0.24813,0.04295,-0.02295,-1.865,0.089,-35.000,-36.775,0.0000
0.25013,0.04295,-0.02295,-1.865,0.089,-35.000,-36.775,0.0000
0.25213,0.04295,-0.02295,-1.865,0.089,-35.000,-36.776,0.0000
0.25413,0.04295,-0.02295,-1.865,0.089,-35.000,-36.776,0.0000
0.25613,0.04295,-0.02295,-1.866,0.089,-35.000,-36.776,0.0000
0.25813,0.04295,-0.02295,-1.866,0.089,-35.000,-36.776,0.0000
0.26013,0.04295,-0.02295,-1.866,0.089,-35.000,-36.776,0.0000
0.26213,0.04295,-0.02295,-1.866,0.089,-35.000,-36.777,0.0000
0.26413,0.04295,-0.02295,-1.866,0.089,-35.000,-36.777,0.0000
0.26613,0.04295,-0.02295,-1.867,0.089,-35.000,-36.777,0.0000
0.26813,0.04295,-0.02295,-1.867,0.089,-35.000,-36.777,0.0000
0.27013,0.04295,-0.02295,-1.867,0.089,-35.000,-36.778,0.0000
0.27213,0.04295,-0.02295,-1.867,0.089,-35.000,-36.778,0.0000
0.27413,0.04295,-0.02295,-1.868,0.089,-35.000,-36.778,0.0000
0.27613,0.04295,-0.02295,-1.868,0.089,-35.000,-36.778,0.0000
0.27813,0.04295,-0.02295,-1.868,0.089,-35.000,-36.779,0.0000
0.28013,0.04295,-0.02295,-1.868,0.089,-35.000,-36.779,0.0000
0.28213,0.04295,-0.02295,-1.868,0.089,-35.000,-36.779,0.0000
0.28413,0.04295,-0.02295,-1.869,0.089,-35.000,-36.779,0.0000
0.28613,0.04295,-0.02295,-1.869,0.089,-35.000,-36.779,0.0000
0.28812,0.04295,-0.02295,-1.869,0.089,-35.000,-36.780,0.0000
0.29013,0.04295,-0.02295,-1.869,0.089,-35.000,-36.780,0.0000
0.29213,0.04295,-0.02295,-1.870,0.089,-35.000,-36.780,0.0000
0.29413,0.04295,-0.02295,-1.870,0.089,-35.000,-36.780,0.0000
0.29613,0.04295,-0.02295,-1.870,0.089,-35.000,-36.781,0.0000
0.29813,0.04295,-0.02295,-1.870,0.089,-35.000,-36.781,0.0000
0.30014,0.04295,-0.02295,-1.871,0.089,-35.000,-36.781,0.0000
0.30213,0.04295,-0.02295,-1.871,0.089,-35.000,-36.781,0.0000
0.30413,0.04295,-0.02295,-1.871,0.089,-35.000,-36.782,0.0000
0.30612,0.04295,-0.02295,-1.871,0.089,-35.000,-36.782,0.0000
0.30812,0.04295,-0.02295,-1.871,0.089,-35.000,-36.782,0.0000
0.31012,0.04295,-0.02295,-1.872,0.089,-35.000,-36.782,0.0000
0.31212,0.04295,-0.02295,-1.872,0.089,-35.000,-36.782,0.0000
0.31412,0.04295,-0.02295,-1.872,0.089,-35.000,-36.783,0.0000
0.31612,0.04295,-0.02295,-1.872,0.089,-35.000,-36.783,0.0000
0.31812,0.04295,-0.02295,-1.873,0.089,-35.000,-36.783,0.0000
0.32012,0.04295,-0.02295,-1.873,0.089,-35.000,-36.783,0.0000
0.32212,0.04295,-0.02295,-1.873,0.089,-35.000,-36.784,0.0000
0.32413,0.04295,-0.02295,-1.873,0.089,-35.000,-36.784,0.0000
0.32612,0.04295,-0.02295,-1.874,0.089,-35.000,-36.784,0.0000
0.32812,0.04295,-0.02295,-1.874,0.089,-35.000,-36.784,0.0000
0.33013,0.04295,-0.02295,-1.874,0.089,-35.000,-36.784,0.0000
0.33213,0.04295,-0.02295,-1.874,0.089,-35.000,-36.785,0.0000
0.33412,0.04295,-0.02295,-1.874,0.089,-35.000,-36.785,0.0000
0.33612,0.04295,-0.02295,-1.875,0.089,-35.000,-36.785,0.0000
0.33812,0.04295,-0.02295,-1.875,0.089,-35.000,-36.785,0.0000
0.34012,0.04295,-0.02295,-1.875,0.089,-35.000,-36.786,0.0000
0.34212,0.04295,-0.02295,-1.875,0.089,-35.000,-36.786,0.0000
0.34412,0.04295,-0.02295,-1.876,0.089,-35.000,-36.786,0.0000
0.34612,0.04295,-0.02295,-1.876,0.089,-35.000,-36.786,0.0000
0.34812,0.04295,-0.02295,-1.876,0.089,-35.000,-36.787,0.0000
0.35012,0.04295,-0.02295,-1.876,0.089,-35.000,-36.787,0.0000
0.35212,0.04295,-0.02295,-1.877,0.089,-35.000,-36.787,0.0000
0.35412,0.04295,-0.02295,-1.877,0.089,-35.000,-36.787,0.0000
0.35612,0.04295,-0.02295,-1.877,0.089,-35.000,-36.787,0.0000
0.35812,0.04295,-0.02295,-1.877,0.089,-35.000,-36.788,0.0000
0.36012,0.04295,-0.02295,-1.877,0.089,-35.000,-36.788,0.0000
0.36213,0.04295,-0.02295,-1.878,0.089,-35.000,-36.788,0.0000
0.36412,0.04295,-0.02295,-1.878,0.089,-35.000,-36.788,0.0000
0.36612,0.04295,-0.02295,-1.878,0.089,-35.000,-36.789,0.0000
0.36812,0.04295,-0.02295,-1.878,0.089,-35.000,-36.789,0.0000
0.37012,0.04295,-0.02295,-1.879,0.089,-35.000,-36.789,0.0000
0.37212,0.04295,-0.02295,-1.879,0.089,-35.000,-36.789,0.0000
0.37412,0.04295,-0.02295,-1.879,0.089,-35.000,-36.790,0.0000
0.37615,0.04295,-0.02295,-1.879,0.089,-35.000,-36.790,0.0000
0.37814,0.04295,-0.02295,-1.880,0.089,-35.000,-36.790,0.0000
0.38014,0.04295,-0.02295,-1.880,0.089,-35.000,-36.790,0.0000
0.38214,0.04295,-0.02295,-1.880,0.089,-35.000,-36.790,0.0000
0.38414,0.04295,-0.02295,-1.880,0.089,-35.000,-36.791,0.0000
0.38613,0.04295,-0.02295,-1.880,0.089,-35.000,-36.791,0.0000
0.38812,0.04295,-0.02295,-1.881,0.089,-35.000,-36.791,0.0000
0.39013,0.04295,-0.02295,-1.881,0.089,-35.000,-36.791,0.0000
0.39213,0.04295,-0.02295,-1.881,0.089,-35.000,-36.792,0.0000
0.39413,0.04295,-0.02295,-1.881,0.089,-35.000,-36.792,0.0000
0.39613,0.04295,-0.02295,-1.882,0.089,-35.000,-36.792,0.0000
0.39812,0.04295,-0.02295,-1.882,0.089,-35.000,-36.792,0.0000
0.40012,0.04295,-0.02295,-1.882,0.089,-35.000,-36.793,0.0000
0.40212,0.04295,-0.02295,-1.882,0.089,-35.000,-36.793,0.0000
0.40412,0.04295,-0.02295,-1.882,0.089,-35.000,-36.793,0.0000
0.40612,0.04295,-0.02295,-1.883,0.089,-35.000,-36.793,0.0000
0.40812,0.04295,-0.02295,-1.883,0.089,-35.000,-36.793,0.0000
0.41012,0.04295,-0.02295,-1.883,0.089,-35.000,-36.794,0.0000
0.41212,0.04295,-0.02295,-1.883,0.089,-35.000,-36.794,0.0000
0.41412,0.04295,-0.02295,-1.884,0.089,-35.000,-36.794,0.0000
0.41612,0.04295,-0.02295,-1.884,0.089,-35.000,-36.794,0.0000
0.41812,0.04295,-0.02295,-1.884,0.089,-35.000,-36.795,0.0000
0.42012,0.04295,-0.02295,-1.884,0.089,-35.000,-36.795,0.0000
0.42212,0.04295,-0.02295,-1.885,0.089,-35.000,-36.795,0.0000
0.42412,0.04295,-0.02295,-1.885,0.089,-35.000,-36.795,0.0000
0.42612,0.04295,-0.02295,-1.885,0.089,-35.000,-36.796,0.0000
0.42812,0.04295,-0.02295,-1.885,0.089,-35.000,-36.796,0.0000
0.43012,0.04295,-0.02295,-1.885,0.089,-35.000,-36.796,0.0000
0.43212,0.04295,-0.02295,-1.886,0.089,-35.000,-36.796,0.0000
0.43412,0.04295,-0.02295,-1.886,0.089,-35.000,-36.796,0.0000
0.43612,0.04295,-0.02295,-1.886,0.089,-35.000,-36.797,0.0000
0.43812,0.04295,-0.02295,-1.886,0.089,-35.000,-36.797,0.0000
0.44012,0.04295,-0.02295,-1.887,0.089,-35.000,-36.797,0.0000
0.44212,0.04295,-0.02295,-1.887,0.089,-35.000,-36.797,0.0000
0.44412,0.04295,-0.02295,-1.887,0.089,-35.000,-36.798,0.0000
0.44612,0.04295,-0.02295,-1.887,0.089,-35.000,-36.798,0.0000
0.44812,0.04295,-0.02295,-1.888,0.089,-35.000,-36.798,0.0000
0.45012,0.04295,-0.02295,-1.888,0.089,-35.000,-36.798,0.0000
0.45212,0.04295,-0.02295,-1.888,0.089,-35.000,-36.798,0.0000
0.45412,0.04295,-0.02295,-1.888,0.089,-35.000,-36.799,0.0000
0.45612,0.04295,-0.02295,-1.888,0.089,-35.000,-36.799,0.0000
0.45812,0.04295,-0.02295,-1.889,0.089,-35.000,-36.799,0.0000
0.46012,0.04295,-0.02295,-1.889,0.089,-35.000,-36.799,0.0000
0.46212,0.04295,-0.02295,-1.889,0.089,-35.000,-36.800,0.0000
0.46412,0.04295,-0.02295,-1.889,0.089,-35.000,-36.800,0.0000
0.46612,0.04295,-0.02295,-1.890,0.089,-35.000,-36.800,0.0000
0.46812,0.04295,-0.02295,-1.890,0.089,-35.000,-36.800,0.0000
0.47012,0.04295,-0.02295,-1.890,0.089,-35.000,-36.801,0.0000
0.47212,0.04295,-0.02295,-1.890,0.089,-35.000,-36.801,0.0000
0.47412,0.04295,-0.02295,-1.891,0.089,-35.000,-36.801,0.0000
0.47612,0.04295,-0.02295,-1.891,0.089,-35.000,-36.801,0.0000
0.47812,0.04295,-0.02295,-1.891,0.089,-35.000,-36.801,0.0000
0.48012,0.04295,-0.02295,-1.891,0.089,-35.000,-36.802,0.0000
0.48212,0.04295,-0.02295,-1.891,0.089,-35.000,-36.802,0.0000
0.48412,0.04295,-0.02295,-1.892,0.089,-35.000,-36.802,0.0000
0.48612,0.04295,-0.02295,-1.892,0.089,-35.000,-36.802,0.0000
0.48812,0.04295,-0.02295,-1.892,0.089,-35.000,-36.803,0.0000
0.49012,0.04295,-0.02295,-1.892,0.089,-35.000,-36.803,0.0000
0.49212,0.04295,-0.02295,-1.893,0.089,-35.000,-36.803,0.0000
0.49411,0.04295,-0.02295,-1.893,0.089,-35.000,-36.803,0.0000
0.49612,0.04295,-0.02295,-1.893,0.089,-35.000,-36.804,0.0000
0.49812,0.04295,-0.02295,-1.893,0.089,-35.000,-36.804,0.0000
0.50012,0.04295,-0.02295,-1.894,0.089,-35.000,-36.804,0.0000
0.50212,0.04295,-0.02295,-1.894,0.089,-35.000,-36.804,0.0000
0.50412,0.04295,-0.02295,-1.894,0.089,-35.000,-36.804,0.0000
0.50612,0.04295,-0.02295,-1.894,0.089,-35.000,-36.805,0.0000
0.50812,0.04295,-0.02295,-1.894,0.089,-35.000,-36.805,0.0000
0.51012,0.04295,-0.02295,-1.895,0.089,-35.000,-36.805,0.0000
0.51211,0.04295,-0.02295,-1.895,0.089,-35.000,-36.805,0.0000
0.51411,0.04295,-0.02295,-1.895,0.089,-35.000,-36.806,0.0000
0.51611,0.04295,-0.02295,-1.895,0.089,-35.000,-36.806,0.0000
0.51811,0.04295,-0.02295,-1.896,0.089,-35.000,-36.806,0.0000
0.52011,0.04295,-0.02295,-1.896,0.089,-35.000,-36.806,0.0000
0.52211,0.04295,-0.02295,-1.896,0.089,-35.000,-36.807,0.0000
0.52411,0.04295,-0.02295,-1.896,0.089,-35.000,-36.807,0.0000
0.52611,0.04295,-0.02295,-1.896,0.089,-35.000,-36.807,0.0000
0.52811,0.04295,-0.02295,-1.897,0.089,-35.000,-36.807,0.0000
0.53012,0.04295,-0.02295,-1.897,0.089,-35.000,-36.807,0.0000
0.53211,0.04295,-0.02295,-1.897,0.089,-35.000,-36.808,0.0000
0.53411,0.04295,-0.02295,-1.897,0.089,-35.000,-36.808,0.0000
0.53611,0.04295,-0.02295,-1.898,0.089,-35.000,-36.808,0.0000
0.53811,0.04295,-0.02295,-1.898,0.089,-35.000,-36.808,0.0000
0.54012,0.04295,-0.02295,-1.898,0.089,-35.000,-36.809,0.0000
0.54211,0.04295,-0.02295,-1.898,0.089,-35.000,-36.809,0.0000
0.54411,0.04295,-0.02295,-1.899,0.089,-35.000,-36.809,0.0000
0.54611,0.04295,-0.02295,-1.899,0.089,-35.000,-36.809,0.0000
0.54811,0.04295,-0.02295,-1.899,0.089,-35.000,-36.810,0.0000
0.55011,0.04295,-0.02295,-1.899,0.089,-35.000,-36.810,0.0000
0.55211,0.04295,-0.02295,-1.899,0.089,-35.000,-36.810,0.0000
0.55411,0.04295,-0.02295,-1.900,0.089,-35.000,-36.810,0.0000
0.55611,0.04295,-0.02295,-1.900,0.089,-35.000,-36.810,0.0000
0.55811,0.04295,-0.02295,-1.900,0.089,-35.000,-36.811,0.0000
0.56011,0.04295,-0.02295,-1.900,0.089,-35.000,-36.811,0.0000
0.56211,0.04295,-0.02295,-1.901,0.089,-35.000,-36.811,0.0000
0.56411,0.04295,-0.02295,-1.901,0.089,-35.000,-36.811,0.0000
0.56611,0.04295,-0.02295,-1.901,0.089,-35.000,-36.812,0.0000
0.56811,0.04295,-0.02295,-1.901,0.089,-35.000,-36.812,0.0000
0.57011,0.04295,-0.02295,-1.902,0.089,-35.000,-36.812,0.0000
0.57211,0.04295,-0.02295,-1.902,0.089,-35.000,-36.812,0.0000
0.57412,0.04295,-0.02295,-1.902,0.089,-35.000,-36.812,0.0000
0.57611,0.04295,-0.02295,-1.902,0.089,-35.000,-36.813,0.0000
0.57812,0.04295,-0.02295,-1.902,0.089,-35.000,-36.813,0.0000
0.58011,0.04295,-0.02295,-1.903,0.089,-35.000,-36.813,0.0000
0.58211,0.04295,-0.02295,-1.903,0.089,-35.000,-36.813,0.0000
0.58411,0.04295,-0.02295,-1.903,0.089,-35.000,-36.814,0.0000
0.58611,0.04295,-0.02295,-1.903,0.089,-35.000,-36.814,0.0000
0.58811,0.04295,-0.02295,-1.904,0.089,-35.000,-36.814,0.0000
0.59011,0.04295,-0.02295,-1.904,0.089,-35.000,-36.814,0.0000
0.59212,0.04295,-0.02295,-1.904,0.089,-35.000,-36.815,0.0000
0.59412,0.04295,-0.02295,-1.904,0.089,-35.000,-36.815,0.0000
0.59612,0.04295,-0.02295,-1.905,0.089,-35.000,-36.815,0.0000
0.59812,0.04295,-0.02295,-1.905,0.089,-35.000,-36.815,0.0000
0.60011,0.04295,-0.02295,-1.905,0.089,-35.000,-36.815,0.0000
0.60211,0.04295,-0.02295,-1.905,0.089,-35.000,-36.816,0.0000
0.60411,0.04295,-0.02295,-1.905,0.089,-35.000,-36.816,0.0000
0.60611,0.04295,-0.02295,-1.906,0.089,-35.000,-36.816,0.0000
0.60811,0.04295,-0.02295,-1.906,0.089,-35.000,-36.816,0.0000
0.61011,0.04295,-0.02295,-1.906,0.089,-35.000,-36.817,0.0000
0.61211,0.04295,-0.02295,-1.906,0.089,-35.000,-36.817,0.0000
0.61411,0.04295,-0.02295,-1.907,0.089,-35.000,-36.817,0.0000
0.61611,0.04295,-0.02295,-1.907,0.089,-35.000,-36.817,0.0000
0.61811,0.04295,-0.02295,-1.907,0.089,-35.000,-36.818,0.0000
0.62011,0.04295,-0.02295,-1.907,0.089,-35.000,-36.818,0.0000
0.62211,0.04295,-0.02295,-1.908,0.089,-35.000,-36.818,0.0000
0.62411,0.04295,-0.02295,-1.908,0.089,-35.000,-36.818,0.0000
0.62611,0.04295,-0.02295,-1.908,0.089,-35.000,-36.818,0.0000
0.62811,0.04295,-0.02295,-1.908,0.089,-35.000,-36.819,0.0000
0.63011,0.04295,-0.02295,-1.908,0.089,-35.000,-36.819,0.0000
0.63211,0.04295,-0.02295,-1.909,0.089,-35.000,-36.819,0.0000
0.63411,0.04295,-0.02295,-1.909,0.089,-35.000,-36.819,0.0000
0.63611,0.04295,-0.02295,-1.909,0.089,-35.000,-36.820,0.0000
0.63811,0.04295,-0.02295,-1.909,0.089,-35.000,-36.820,0.0000
0.64011,0.04295,-0.02295,-1.910,0.089,-35.000,-36.820,0.0000
0.64211,0.04295,-0.02295,-1.910,0.089,-35.000,-36.820,0.0000
0.64411,0.04295,-0.02295,-1.910,0.089,-35.000,-36.821,0.0000
0.64611,0.04295,-0.02295,-1.910,0.089,-35.000,-36.821,0.0000
0.64811,0.04295,-0.02295,-1.910,0.089,-35.000,-36.821,0.0000
0.65011,0.04295,-0.02295,-1.911,0.089,-35.000,-36.821,0.0000
0.65211,0.04295,-0.02295,-1.911,0.089,-35.000,-36.821,0.0000
0.65411,0.04295,-0.02295,-1.911,0.089,-35.000,-36.822,0.0000
0.65611,0.04295,-0.02295,-1.911,0.089,-35.000,-36.822,0.0000
0.65811,0.04295,-0.02295,-1.912,0.089,-35.000,-36.822,0.0000
0.66011,0.04295,-0.02295,-1.912,0.089,-35.000,-36.822,0.0000
0.66211,0.04295,-0.02295,-1.912,0.089,-35.000,-36.823,0.0000
0.66411,0.04295,-0.02295,-1.912,0.089,-35.000,-36.823,0.0000
0.66611,0.04295,-0.02295,-1.913,0.089,-35.000,-36.823,0.0000
0.66811,0.04295,-0.02295,-1.913,0.089,-35.000,-36.823,0.0000
0.67011,0.04295,-0.02295,-1.913,0.089,-35.000,-36.824,0.0000
0.67211,0.04295,-0.02295,-1.913,0.089,-35.000,-36.824,0.0000
0.67411,0.04295,-0.02295,-1.913,0.089,-35.000,-36.824,0.0000
0.67611,0.04295,-0.02295,-1.914,0.089,-35.000,-36.824,0.0000
0.67811,0.04295,-0.02295,-1.914,0.089,-35.000,-36.824,0.0000
0.68011,0.04295,-0.02295,-1.914,0.089,-35.000,-36.825,0.0000
0.68211,0.04295,-0.02295,-1.914,0.089,-35.000,-36.825,0.0000
0.68411,0.04295,-0.02295,-1.915,0.089,-35.000,-36.825,0.0000
0.68610,0.04295,-0.02295,-1.915,0.089,-35.000,-36.825,0.0000
0.68811,0.04295,-0.02295,-1.915,0.089,-35.000,-36.826,0.0000
0.69010,0.04295,-0.02295,-1.915,0.089,-35.000,-36.826,0.0000
0.69211,0.04295,-0.02295,-1.916,0.089,-35.000,-36.826,0.0000
0.69411,0.04295,-0.02295,-1.916,0.089,-35.000,-36.826,0.0000
0.69611,0.04295,-0.02295,-1.916,0.089,-35.000,-36.826,0.0000
0.69811,0.04295,-0.02295,-1.916,0.089,-35.000,-36.827,0.0000
0.70011,0.04295,-0.02295,-1.916,0.089,-35.000,-36.827,0.0000
0.70211,0.04295,-0.02295,-1.917,0.089,-35.000,-36.827,0.0000
0.70411,0.04295,-0.02295,-1.917,0.089,-35.000,-36.827,0.0000
0.70611,0.04295,-0.02295,-1.917,0.089,-35.000,-36.828,0.0000
0.70811,0.04295,-0.02295,-1.917,0.089,-35.000,-36.828,0.0000
0.71011,0.04295,-0.02295,-1.918,0.089,-35.000,-36.828,0.0000
0.71211,0.04295,-0.02295,-1.918,0.089,-35.000,-36.828,0.0000
0.71411,0.04295,-0.02295,-1.918,0.089,-35.000,-36.829,0.0000
0.71611,0.04295,-0.02295,-1.918,0.089,-35.000,-36.829,0.0000
0.71810,0.04295,-0.02295,-1.919,0.089,-35.000,-36.829,0.0000
0.72010,0.04295,-0.02295,-1.919,0.089,-35.000,-36.829,0.0000
0.72210,0.04295,-0.02295,-1.919,0.089,-35.000,-36.829,0.0000
0.72410,0.04295,-0.02295,-1.919,0.089,-35.000,-36.830,0.0000
0.72610,0.04295,-0.02295,-1.919,0.089,-35.000,-36.830,0.0000
0.72810,0.04295,-0.02295,-1.920,0.089,-35.000,-36.830,0.0000
0.73010,0.04295,-0.02295,-1.920,0.089,-35.000,-36.830,0.0000
0.73210,0.04295,-0.02295,-1.920,0.089,-35.000,-36.831,0.0000
0.73410,0.04295,-0.02295,-1.920,0.089,-35.000,-36.831,0.0000
0.73610,0.04295,-0.02295,-1.921,0.089,-35.000,-36.831,0.0000
0.73810,0.04295,-0.02295,-1.921,0.089,-35.000,-36.831,0.0000
0.74010,0.04295,-0.02295,-1.921,0.089,-35.000,-36.832,0.0000
0.74210,0.04295,-0.02295,-1.921,0.089,-35.000,-36.832,0.0000
0.74411,0.04295,-0.02295,-1.922,0.089,-35.000,-36.832,0.0000
0.74610,0.04295,-0.02295,-1.922,0.089,-35.000,-36.832,0.0000
0.74810,0.04295,-0.02295,-1.922,0.089,-35.000,-36.832,0.0000
0.75010,0.04295,-0.02295,-1.922,0.089,-35.000,-36.833,0.0000
0.75210,0.04295,-0.02295,-1.922,0.089,-35.000,-36.833,0.0000
0.75410,0.04295,-0.02295,-1.923,0.089,-35.000,-36.833,0.0000
0.75610,0.04295,-0.02295,-1.923,0.089,-35.000,-36.833,0.0000
0.75811,0.04295,-0.02295,-1.923,0.089,-35.000,-36.834,0.0000
0.76010,0.04295,-0.02295,-1.923,0.089,-35.000,-36.834,0.0000
0.76210,0.04295,-0.02295,-1.924,0.089,-35.000,-36.834,0.0000
0.76410,0.04295,-0.02295,-1.924,0.089,-35.000,-36.834,0.0000
0.76610,0.04295,-0.02295,-1.924,0.089,-35.000,-36.835,0.0000
0.76810,0.04295,-0.02295,-1.924,0.089,-35.000,-36.835,0.0000
0.77010,0.04295,-0.02295,-1.924,0.089,-35.000,-36.835,0.0000
0.77211,0.04295,-0.02295,-1.925,0.089,-35.000,-36.835,0.0000
0.77512,0.04295,-0.02295,-1.925,0.089,-35.000,-36.836,0.0000
0.77711,0.04295,-0.02295,-1.925,0.089,-35.000,-36.836,0.0000
0.77910,0.04295,-0.02295,-1.926,0.089,-35.000,-36.836,0.0000
0.78111,0.04295,-0.02295,-1.926,0.089,-35.000,-36.836,0.0000
0.78311,0.04295,-0.02295,-1.926,0.089,-35.000,-36.836,0.0000
0.78510,0.04295,-0.02295,-1.926,0.089,-35.000,-36.837,0.0000
0.78710,0.04295,-0.02295,-1.926,0.089,-35.000,-36.837,0.0000
0.78910,0.04295,-0.02295,-1.927,0.089,-35.000,-36.837,0.0000
0.79110,0.04295,-0.02295,-1.927,0.089,-35.000,-36.837,0.0000
0.79310,0.04295,-0.02295,-1.927,0.089,-35.000,-36.838,0.0000
0.79510,0.04295,-0.02295,-1.927,0.089,-35.000,-36.838,0.0000
0.79710,0.04295,-0.02295,-1.928,0.089,-35.000,-36.838,0.0000
0.79910,0.04295,-0.02295,-1.928,0.089,-35.000,-36.838,0.0000
0.80110,0.04295,-0.02295,-1.928,0.089,-35.000,-36.839,0.0000
0.80310,0.04295,-0.02295,-1.928,0.089,-35.000,-36.839,0.0000
0.80510,0.04295,-0.02295,-1.929,0.089,-35.000,-36.839,0.0000
0.80710,0.04295,-0.02295,-1.929,0.089,-35.000,-36.839,0.0000
0.80910,0.04295,-0.02295,-1.929,0.089,-35.000,-36.839,0.0000
0.81110,0.04295,-0.02295,-1.929,0.089,-35.000,-36.840,0.0000
0.81310,0.04295,-0.02295,-1.929,0.089,-35.000,-36.840,0.0000
0.81510,0.04295,-0.02295,-1.930,0.089,-35.000,-36.840,0.0000
0.81710,0.04295,-0.02295,-1.930,0.089,-35.000,-36.840,0.0000
0.81910,0.04295,-0.02295,-1.930,0.089,-35.000,-36.841,0.0000
0.82110,0.04295,-0.02295,-1.930,0.089,-35.000,-36.841,0.0000
0.82342,0.04295,-0.02295,-1.931,0.089,-35.000,-36.841,0.0000
0.82611,0.04295,-0.02295,-1.931,0.089,-35.000,-36.841,0.0000
0.82811,0.04295,-0.02295,-1.931,0.089,-35.000,-36.842,0.0000
0.83010,0.04295,-0.02295,-1.931,0.089,-35.000,-36.842,0.0000
0.83211,0.04295,-0.02295,-1.932,0.089,-35.000,-36.842,0.0000
0.83410,0.04295,-0.02295,-1.932,0.089,-35.000,-36.842,0.0000
0.83610,0.04295,-0.02295,-1.932,0.089,-35.000,-36.843,0.0000
0.83810,0.04295,-0.02295,-1.932,0.089,-35.000,-36.843,0.0000
0.84010,0.04295,-0.02295,-1.933,0.089,-35.000,-36.843,0.0000
0.84210,0.04295,-0.02295,-1.933,0.089,-35.000,-36.843,0.0000
0.84410,0.04295,-0.02295,-1.933,0.089,-35.000,-36.843,0.0000
0.84610,0.04295,-0.02295,-1.933,0.089,-35.000,-36.844,0.0000
0.84810,0.04295,-0.02295,-1.933,0.089,-35.000,-36.844,0.0000
0.85010,0.04295,-0.02295,-1.934,0.089,-35.000,-36.844,0.0000
0.85210,0.04295,-0.02295,-1.934,0.089,-35.000,-36.844,0.0000
0.85410,0.04295,-0.02295,-1.934,0.089,-35.000,-36.845,0.0000
0.85610,0.04295,-0.02295,-1.934,0.089,-35.000,-36.845,0.0000
0.85810,0.04295,-0.02295,-1.935,0.089,-35.000,-36.845,0.0000
0.86010,0.04295,-0.02295,-1.935,0.089,-35.000,-36.845,0.0000
0.86210,0.04295,-0.02295,-1.935,0.089,-35.000,-36.846,0.0000
0.86410,0.04295,-0.02295,-1.935,0.089,-35.000,-36.846,0.0000
0.86610,0.04295,-0.02295,-1.936,0.089,-35.000,-36.846,0.0000
0.86810,0.04295,-0.02295,-1.936,0.089,-35.000,-36.846,0.0000
0.87010,0.04295,-0.02295,-1.936,0.089,-35.000,-36.846,0.0000
0.87210,0.04295,-0.02295,-1.936,0.089,-35.000,-36.847,0.0000
0.87410,0.04295,-0.02295,-1.936,0.089,-35.000,-36.847,0.0000
0.87610,0.04295,-0.02295,-1.937,0.089,-35.000,-36.847,0.0000
0.87810,0.04295,-0.02295,-1.937,0.089,-35.000,-36.847,0.0000
0.88010,0.04295,-0.02295,-1.937,0.089,-35.000,-36.848,0.0000
0.88210,0.04295,-0.02295,-1.937,0.089,-35.000,-36.848,0.0000
0.88410,0.04295,-0.02295,-1.938,0.089,-35.000,-36.848,0.0000
0.88610,0.04295,-0.02295,-1.938,0.089,-35.000,-36.848,0.0000
0.88810,0.04295,-0.02295,-1.938,0.089,-35.000,-36.849,0.0000
0.89010,0.04295,-0.02295,-1.938,0.089,-35.000,-36.849,0.0000
0.89210,0.04295,-0.02295,-1.938,0.089,-35.000,-36.849,0.0000
0.89410,0.04295,-0.02295,-1.939,0.089,-35.000,-36.849,0.0000
0.89610,0.04295,-0.02295,-1.939,0.089,-35.000,-36.849,0.0000
0.89810,0.04295,-0.02295,-1.939,0.089,-35.000,-36.850,0.0000
0.90010,0.04295,-0.02295,-1.939,0.089,-35.000,-36.850,0.0000
0.90210,0.04295,-0.02295,-1.940,0.089,-35.000,-36.850,0.0000
0.90410,0.04295,-0.02295,-1.940,0.089,-35.000,-36.850,0.0000
0.90610,0.04295,-0.02295,-1.940,0.089,-35.000,-36.851,0.0000
0.90810,0.04295,-0.02295,-1.940,0.089,-35.000,-36.851,0.0000
0.91010,0.04295,-0.02295,-1.941,0.089,-35.000,-36.851,0.0000
0.91210,0.04295,-0.02295,-1.941,0.089,-35.000,-36.851,0.0000
0.91410,0.04295,-0.02295,-1.941,0.089,-35.000,-36.852,0.0000
0.91610,0.04295,-0.02295,-1.941,0.089,-35.000,-36.852,0.0000
0.91810,0.04295,-0.02295,-1.941,0.089,-35.000,-36.852,0.0000
0.92010,0.04295,-0.02295,-1.942,0.089,-35.000,-36.852,0.0000
0.92209,0.04295,-0.02295,-1.942,0.089,-35.000,-36.852,0.0000
0.92409,0.04295,-0.02295,-1.942,0.089,-35.000,-36.853,0.0000
0.92609,0.04295,-0.02295,-1.942,0.089,-35.000,-36.853,0.0000
0.92809,0.04295,-0.02295,-1.943,0.089,-35.000,-36.853,0.0000
0.93009,0.04295,-0.02295,-1.943,0.089,-35.000,-36.853,0.0000
0.93209,0.04295,-0.02295,-1.943,0.089,-35.000,-36.854,0.0000
0.93409,0.04295,-0.02295,-1.943,0.089,-35.000,-36.854,0.0000
0.93609,0.04295,-0.02295,-1.944,0.089,-35.000,-36.854,0.0000
0.93810,0.04295,-0.02295,-1.944,0.089,-35.000,-36.854,0.0000
0.94010,0.04295,-0.02295,-1.944,0.089,-35.000,-36.854,0.0000
0.94209,0.04295,-0.02295,-1.944,0.089,-35.000,-36.855,0.0000
0.94410,0.04295,-0.02295,-1.944,0.089,-35.000,-36.855,0.0000
0.94609,0.04295,-0.02295,-1.945,0.089,-35.000,-36.855,0.0000
0.94809,0.04295,-0.02295,-1.945,0.089,-35.000,-36.855,0.0000
0.95009,0.04295,-0.02295,-1.945,0.089,-35.000,-36.856,0.0000
0.95209,0.04295,-0.02295,-1.945,0.089,-35.000,-36.856,0.0000
0.95409,0.04295,-0.02295,-1.946,0.089,-35.000,-36.856,0.0000
0.95609,0.04295,-0.02295,-1.946,0.089,-35.000,-36.856,0.0000
0.95809,0.04295,-0.02295,-1.946,0.089,-35.000,-36.857,0.0000
0.96009,0.04295,-0.02295,-1.946,0.089,-35.000,-36.857,0.0000
0.96209,0.04295,-0.02295,-1.947,0.089,-35.000,-36.857,0.0000
0.96409,0.04295,-0.02295,-1.947,0.089,-35.000,-36.857,0.0000
0.96609,0.04295,-0.02295,-1.947,0.089,-35.000,-36.857,0.0000
0.96809,0.04295,-0.02295,-1.947,0.089,-35.000,-36.858,0.0000
0.97009,0.04295,-0.02295,-1.947,0.089,-35.000,-36.858,0.0000
0.97209,0.04295,-0.02295,-1.948,0.089,-35.000,-36.858,0.0000
0.97409,0.04295,-0.02295,-1.948,0.089,-35.000,-36.858,0.0000
0.97609,0.04295,-0.02295,-1.948,0.089,-35.000,-36.859,0.0000
0.97809,0.04295,-0.02295,-1.948,0.089,-35.000,-36.859,0.0000
0.98009,0.04295,-0.02295,-1.949,0.089,-35.000,-36.859,0.0000
0.98209,0.04295,-0.02295,-1.949,0.089,-35.000,-36.859,0.0000
0.98409,0.04295,-0.02295,-1.949,0.089,-35.000,-36.860,0.0000
0.98609,0.04295,-0.02295,-1.949,0.089,-35.000,-36.860,0.0000
0.98809,0.04295,-0.02295,-1.950,0.089,-35.000,-36.860,0.0000
0.99009,0.04295,-0.02295,-1.950,0.089,-35.000,-36.860,0.0000
0.99209,0.04295,-0.02295,-1.950,0.089,-35.000,-36.860,0.0000
0.99409,0.04295,-0.02295,-1.950,0.089,-35.000,-36.861,0.0000
0.99609,0.04295,-0.02295,-1.950,0.089,-35.000,-36.861,0.0000
0.99809,0.04295,-0.02295,-1.951,0.089,-35.000,-36.861,0.0000
1.00009,0.04295,-0.02295,-1.951,0.089,-35.000,-36.861,0.0000
1.00209,0.04295,-0.02295,-1.951,0.089,-35.000,-36.862,0.0000
1.00409,0.04295,-0.02295,-1.951,0.089,-35.000,-36.862,0.0000
1.00609,0.04295,-0.02295,-1.952,0.089,-35.000,-36.862,0.0000
1.00809,0.04295,-0.02295,-1.952,0.089,-35.000,-36.862,0.0000
1.01009,0.04295,-0.02295,-1.952,0.089,-35.000,-36.863,0.0000
1.01209,0.04295,-0.02295,-1.952,0.089,-35.000,-36.863,0.0000
1.01409,0.04295,-0.02295,-1.952,0.089,-35.000,-36.863,0.0000
1.01609,0.04295,-0.02295,-1.953,0.089,-35.000,-36.863,0.0000
1.01809,0.04295,-0.02295,-1.953,0.089,-35.000,-36.863,0.0000
1.02009,0.04295,-0.02295,-1.953,0.089,-35.000,-36.864,0.0000
1.02209,0.04295,-0.02295,-1.953,0.089,-35.000,-36.864,0.0000
1.02409,0.04295,-0.02295,-1.954,0.089,-35.000,-36.864,0.0000
1.02609,0.04295,-0.02295,-1.954,0.089,-35.000,-36.864,0.0000
1.02809,0.04295,-0.02295,-1.954,0.089,-35.000,-36.865,0.0000
1.03009,0.04295,-0.02295,-1.954,0.089,-35.000,-36.865,0.0000
1.03209,0.04295,-0.02295,-1.955,0.089,-35.000,-36.865,0.0000
1.03409,0.04295,-0.02295,-1.955,0.089,-35.000,-36.865,0.0000
1.03609,0.04295,-0.02295,-1.955,0.089,-35.000,-36.866,0.0000
1.03809,0.04295,-0.02295,-1.955,0.089,-35.000,-36.866,0.0000
1.04009,0.04295,-0.02295,-1.955,0.089,-35.000,-36.866,0.0000
1.04209,0.04295,-0.02295,-1.956,0.089,-35.000,-36.866,0.0000
1.04409,0.04295,-0.02295,-1.956,0.089,-35.000,-36.866,0.0000
1.04609,0.04295,-0.02295,-1.956,0.089,-35.000,-36.867,0.0000
1.04809,0.04295,-0.02295,-1.956,0.089,-35.000,-36.867,0.0000
1.05009,0.04295,-0.02295,-1.957,0.089,-35.000,-36.867,0.0000
1.05209,0.04295,-0.02295,-1.957,0.089,-35.000,-36.867,0.0000
1.05409,0.04295,-0.02295,-1.957,0.089,-35.000,-36.868,0.0000
1.05609,0.04295,-0.02295,-1.957,0.089,-35.000,-36.868,0.0000
1.05809,0.04295,-0.02295,-1.958,0.089,-35.000,-36.868,0.0000
1.06009,0.04295,-0.02295,-1.958,0.089,-35.000,-36.868,0.0000
1.06209,0.04295,-0.02295,-1.958,0.089,-35.000,-36.868,0.0000
1.06409,0.04295,-0.02295,-1.958,0.089,-35.000,-36.869,0.0000
1.06609,0.04295,-0.02295,-1.958,0.089,-35.000,-36.869,0.0000
1.06809,0.04295,-0.02295,-1.959,0.089,-35.000,-36.869,0.0000
1.07009,0.04295,-0.02295,-1.959,0.089,-35.000,-36.869,0.0000
1.07209,0.04295,-0.02295,-1.959,0.089,-35.000,-36.870,0.0000
1.07409,0.04295,-0.02295,-1.959,0.089,-35.000,-36.870,0.0000
1.07609,0.04295,-0.02295,-1.960,0.089,-35.000,-36.870,0.0000
1.07809,0.04295,-0.02295,-1.960,0.089,-35.000,-36.870,0.0000
1.08009,0.04295,-0.02295,-1.960,0.089,-35.000,-36.871,0.0000
1.08209,0.04295,-0.02295,-1.960,0.089,-35.000,-36.871,0.0000
1.08409,0.04295,-0.02295,-1.961,0.089,-35.000,-36.871,0.0000
1.08609,0.04295,-0.02295,-1.961,0.089,-35.000,-36.871,0.0000
1.08809,0.04295,-0.02295,-1.961,0.089,-35.000,-36.871,0.0000
1.09009,0.04295,-0.02295,-1.961,0.089,-35.000,-36.872,0.0000
1.09209,0.04295,-0.02295,-1.961,0.089,-35.000,-36.872,0.0000
1.09409,0.04295,-0.02295,-1.962,0.089,-35.000,-36.872,0.0000
1.09609,0.04295,-0.02295,-1.962,0.089,-35.000,-36.872,0.0000
1.09809,0.04295,-0.02295,-1.962,0.089,-35.000,-36.873,0.0000
1.10009,0.04295,-0.02295,-1.962,0.089,-35.000,-36.873,0.0000
1.10209,0.04295,-0.02295,-1.963,0.089,-35.000,-36.873,0.0000
1.10409,0.04295,-0.02295,-1.963,0.089,-35.000,-36.873,0.0000
1.10609,0.04295,-0.02295,-1.963,0.089,-35.000,-36.874,0.0000
1.10809,0.04295,-0.02295,-1.963,0.089,-35.000,-36.874,0.0000
1.11008,0.04295,-0.02295,-1.964,0.089,-35.000,-36.874,0.0000
1.11209,0.04295,-0.02295,-1.964,0.089,-35.000,-36.874,0.0000
1.11409,0.04295,-0.02295,-1.964,0.089,-35.000,-36.874,0.0000
1.11609,0.04295,-0.02295,-1.964,0.089,-35.000,-36.875,0.0000
1.11809,0.04295,-0.02295,-1.964,0.089,-35.000,-36.875,0.0000
1.12009,0.04295,-0.02295,-1.965,0.089,-35.000,-36.875,0.0000
1.12209,0.04295,-0.02295,-1.965,0.089,-35.000,-36.875,0.0000
1.12409,0.04295,-0.02295,-1.965,0.089,-35.000,-36.876,0.0000
1.12609,0.04295,-0.02295,-1.965,0.089,-35.000,-36.876,0.0000
1.12809,0.04295,-0.02295,-1.966,0.089,-35.000,-36.876,0.0000
1.13008,0.04295,-0.02295,-1.966,0.089,-35.000,-36.876,0.0000
1.13209,0.04295,-0.02295,-1.966,0.089,-35.000,-36.877,0.0000
1.13408,0.04295,-0.02295,-1.966,0.089,-35.000,-36.877,0.0000
1.13609,0.04295,-0.02295,-1.966,0.089,-35.000,-36.877,0.0000
1.13808,0.04295,-0.02295,-1.967,0.089,-35.000,-36.877,0.0000
1.14008,0.04295,-0.02295,-1.967,0.089,-35.000,-36.877,0.0000
1.14208,0.04295,-0.02295,-1.967,0.089,-35.000,-36.878,0.0000
1.14409,0.04295,-0.02295,-1.967,0.089,-35.000,-36.878,0.0000
1.14608,0.04295,-0.02295,-1.968,0.089,-35.000,-36.878,0.0000
1.14809,0.04295,-0.02295,-1.968,0.089,-35.000,-36.878,0.0000
1.15008,0.04295,-0.02295,-1.968,0.089,-35.000,-36.879,0.0000
1.15208,0.04295,-0.02295,-1.968,0.089,-35.000,-36.879,0.0000
1.15408,0.04295,-0.02295,-1.969,0.089,-35.000,-36.879,0.0000
1.15608,0.04295,-0.02295,-1.969,0.089,-35.000,-36.879,0.0000
1.15808,0.04295,-0.02295,-1.969,0.089,-35.000,-36.880,0.0000
1.16009,0.04295,-0.02295,-1.969,0.089,-35.000,-36.880,0.0000
1.16208,0.04295,-0.02295,-1.969,0.089,-35.000,-36.880,0.0000
1.16408,0.04295,-0.02295,-1.970,0.089,-35.000,-36.880,0.0000
1.16608,0.04295,-0.02295,-1.970,0.089,-35.000,-36.880,0.0000
1.16808,0.04295,-0.02295,-1.970,0.089,-35.000,-36.881,0.0000
1.17008,0.04295,-0.02295,-1.970,0.089,-35.000,-36.881,0.0000
1.17208,0.04295,-0.02295,-1.971,0.089,-35.000,-36.881,0.0000
1.17409,0.04295,-0.02295,-1.971,0.089,-35.000,-36.881,0.0000
1.17608,0.04295,-0.02295,-1.971,0.089,-35.000,-36.882,0.0000
1.17809,0.04295,-0.02295,-1.971,0.089,-35.000,-36.882,0.0000
1.18008,0.04295,-0.02295,-1.972,0.089,-35.000,-36.882,0.0000
1.18208,0.04295,-0.02295,-1.972,0.089,-35.000,-36.882,0.0000
1.18408,0.04295,-0.02295,-1.972,0.089,-35.000,-36.882,0.0000
1.18608,0.04295,-0.02295,-1.972,0.089,-35.000,-36.883,0.0000
1.18808,0.04295,-0.02295,-1.972,0.089,-35.000,-36.883,0.0000
1.19008,0.04295,-0.02295,-1.973,0.089,-35.000,-36.883,0.0000
1.19209,0.04295,-0.02295,-1.973,0.089,-35.000,-36.883,0.0000
1.19408,0.04295,-0.02295,-1.973,0.089,-35.000,-36.884,0.0000
1.19608,0.04295,-0.02295,-1.973,0.089,-35.000,-36.884,0.0000
1.19808,0.04295,-0.02295,-1.974,0.089,-35.000,-36.884,0.0000
1.20009,0.04295,-0.02295,-1.974,0.089,-35.000,-36.884,0.0000
1.20209,0.04295,-0.02295,-1.974,0.089,-35.000,-36.885,0.0000
1.20408,0.04295,-0.02295,-1.974,0.089,-35.000,-36.885,0.0000
1.20608,0.04295,-0.02295,-1.975,0.089,-35.000,-36.885,0.0000
1.20808,0.04295,-0.02295,-1.975,0.089,-35.000,-36.885,0.0000
1.21008,0.04295,-0.02295,-1.975,0.089,-35.000,-36.885,0.0000
1.21208,0.04295,-0.02295,-1.975,0.089,-35.000,-36.886,0.0000
1.21408,0.04295,-0.02295,-1.975,0.089,-35.000,-36.886,0.0000
1.21608,0.04295,-0.02295,-1.976,0.089,-35.000,-36.886,0.0000
1.21808,0.04295,-0.02295,-1.976,0.089,-35.000,-36.886,0.0000
1.22008,0.04295,-0.02295,-1.976,0.089,-35.000,-36.887,0.0000
1.22208,0.04295,-0.02295,-1.976,0.089,-35.000,-36.887,0.0000
1.22408,0.04295,-0.02295,-1.977,0.089,-35.000,-36.887,0.0000
1.22608,0.04295,-0.02295,-1.977,0.089,-35.000,-36.887,0.0000
1.22808,0.04295,-0.02295,-1.977,0.089,-35.000,-36.888,0.0000
1.23008,0.04295,-0.02295,-1.977,0.089,-35.000,-36.888,0.0000
1.23208,0.04295,-0.02295,-1.978,0.089,-35.000,-36.888,0.0000
1.23408,0.04295,-0.02295,-1.978,0.089,-35.000,-36.888,0.0000
1.23608,0.04295,-0.02295,-1.978,0.089,-35.000,-36.888,0.0000
1.23808,0.04295,-0.02295,-1.978,0.089,-35.000,-36.889,0.0000
1.24008,0.04295,-0.02295,-1.978,0.089,-35.000,-36.889,0.0000
1.24208,0.04295,-0.02295,-1.979,0.089,-35.000,-36.889,0.0000
1.24408,0.04295,-0.02295,-1.979,0.089,-35.000,-36.889,0.0000
1.24608,0.04295,-0.02295,-1.979,0.089,-35.000,-36.890,0.0000
1.24808,0.04295,-0.02295,-1.979,0.089,-35.000,-36.890,0.0000
1.25008,0.04295,-0.02295,-1.980,0.089,-35.000,-36.890,0.0000
1.25208,0.04295,-0.02295,-1.980,0.089,-35.000,-36.890,0.0000
1.25408,0.04295,-0.02295,-1.980,0.089,-35.000,-36.891,0.0000
1.25608,0.04295,-0.02295,-1.980,0.089,-35.000,-36.891,0.0000
1.25808,0.04295,-0.02295,-1.980,0.089,-35.000,-36.891,0.0000
1.26008,0.04295,-0.02295,-1.981,0.089,-35.000,-36.891,0.0000
1.26208,0.04295,-0.02295,-1.981,0.089,-35.000,-36.891,0.0000
1.26408,0.04295,-0.02295,-1.981,0.089,-35.000,-36.892,0.0000
1.26608,0.04295,-0.02295,-1.981,0.089,-35.000,-36.892,0.0000
1.26808,0.04295,-0.02295,-1.982,0.089,-35.000,-36.892,0.0000
1.27008,0.04295,-0.02295,-1.982,0.089,-35.000,-36.892,0.0000
1.27209,0.04295,-0.02295,-1.982,0.089,-35.000,-36.893,0.0000
1.27408,0.04295,-0.02295,-1.982,0.089,-35.000,-36.893,0.0000
1.27608,0.04295,-0.02295,-1.983,0.089,-35.000,-36.893,0.0000
1.27808,0.04295,-0.02295,-1.983,0.089,-35.000,-36.893,0.0000
1.28007,0.04295,-0.02295,-1.983,0.089,-35.000,-36.894,0.0000
1.28208,0.04295,-0.02295,-1.983,0.089,-35.000,-36.894,0.0000
1.28408,0.04295,-0.02295,-1.983,0.089,-35.000,-36.894,0.0000
1.28608,0.04295,-0.02295,-1.984,0.089,-35.000,-36.894,0.0000
1.28807,0.04295,-0.02295,-1.984,0.089,-35.000,-36.894,0.0000
1.29008,0.04295,-0.02295,-1.984,0.089,-35.000,-36.895,0.0000
1.29208,0.04295,-0.02295,-1.984,0.089,-35.000,-36.895,0.0000
1.29408,0.04295,-0.02295,-1.985,0.089,-35.000,-36.895,0.0000
1.29608,0.04295,-0.02295,-1.985,0.089,-35.000,-36.895,0.0000
1.29808,0.04295,-0.02295,-1.985,0.089,-35.000,-36.896,0.0000
1.30008,0.04295,-0.02295,-1.985,0.089,-35.000,-36.896,0.0000
1.30208,0.04295,-0.02295,-1.986,0.089,-35.000,-36.896,0.0000
1.30408,0.04295,-0.02295,-1.986,0.089,-35.000,-36.896,0.0000
1.30607,0.04295,-0.02295,-1.986,0.089,-35.000,-36.896,0.0000
1.30808,0.04295,-0.02295,-1.986,0.089,-35.000,-36.897,0.0000
1.31007,0.04295,-0.02295,-1.986,0.089,-35.000,-36.897,0.0000
1.31207,0.04295,-0.02295,-1.987,0.089,-35.000,-36.897,0.0000
1.31407,0.04295,-0.02295,-1.987,0.089,-35.000,-36.897,0.0000
1.31608,0.04295,-0.02295,-1.987,0.089,-35.000,-36.898,0.0000
1.31808,0.04295,-0.02295,-1.987,0.089,-35.000,-36.898,0.0000
1.32007,0.04295,-0.02295,-1.988,0.089,-35.000,-36.898,0.0000
1.32208,0.04295,-0.02295,-1.988,0.089,-35.000,-36.898,0.0000
1.32408,0.04295,-0.02295,-1.988,0.089,-35.000,-36.899,0.0000
1.32608,0.04295,-0.02295,-1.988,0.089,-35.000,-36.899,0.0000
1.32808,0.04295,-0.02295,-1.989,0.089,-35.000,-36.899,0.0000
1.33007,0.04295,-0.02295,-1.989,0.089,-35.000,-36.899,0.0000
1.33207,0.04295,-0.02295,-1.989,0.089,-35.000,-36.899,0.0000
1.33407,0.04295,-0.02295,-1.989,0.089,-35.000,-36.900,0.0000
1.33607,0.04295,-0.02295,-1.989,0.089,-35.000,-36.900,0.0000
1.33807,0.04295,-0.02295,-1.990,0.089,-35.000,-36.900,0.0000
1.34007,0.04295,-0.02295,-1.990,0.089,-35.000,-36.900,0.0000
1.34207,0.04295,-0.02295,-1.990,0.089,-35.000,-36.901,0.0000
1.34407,0.04295,-0.02295,-1.990,0.089,-35.000,-36.901,0.0000
1.34608,0.04295,-0.02295,-1.991,0.089,-35.000,-36.901,0.0000
1.34807,0.04295,-0.02295,-1.991,0.089,-35.000,-36.901,0.0000
1.35007,0.04295,-0.02295,-1.991,0.089,-35.000,-36.902,0.0000
1.35207,0.04295,-0.02295,-1.991,0.089,-35.000,-36.902,0.0000
1.35407,0.04295,-0.02295,-1.992,0.089,-35.000,-36.902,0.0000
1.35607,0.04295,-0.02295,-1.992,0.089,-35.000,-36.902,0.0000
1.35807,0.04295,-0.02295,-1.992,0.089,-35.000,-36.902,0.0000
1.36007,0.04295,-0.02295,-1.992,0.089,-35.000,-36.903,0.0000
1.36207,0.04295,-0.02295,-1.992,0.089,-35.000,-36.903,0.0000
1.36407,0.04295,-0.02295,-1.993,0.089,-35.000,-36.903,0.0000
1.36607,0.04295,-0.02295,-1.993,0.089,-35.000,-36.903,0.0000
1.36807,0.04295,-0.02295,-1.993,0.089,-35.000,-36.904,0.0000
1.37201,0.04295,-0.02295,-1.994,0.089,-35.000,-36.904,0.0000
1.37409,0.04295,-0.02295,-1.994,0.089,-35.000,-36.904,0.0000
1.37608,0.04295,-0.02295,-1.994,0.089,-35.000,-36.905,0.0000
1.37808,0.04295,-0.02295,-1.994,0.089,-35.000,-36.905,0.0000
1.38008,0.04295,-0.02295,-1.994,0.089,-35.000,-36.905,0.0000
1.38208,0.04295,-0.02295,-1.995,0.089,-35.000,-36.905,0.0000
1.38407,0.04295,-0.02295,-1.995,0.089,-35.000,-36.905,0.0000
1.38608,0.04295,-0.02295,-1.995,0.089,-35.000,-36.906,0.0000
1.38807,0.04295,-0.02295,-1.995,0.089,-35.000,-36.906,0.0000
1.39007,0.04295,-0.02295,-1.996,0.089,-35.000,-36.906,0.0000
1.39207,0.04295,-0.02295,-1.996,0.089,-35.000,-36.906,0.0000
1.39407,0.04295,-0.02295,-1.996,0.089,-35.000,-36.907,0.0000
1.39607,0.04295,-0.02295,-1.996,0.089,-35.000,-36.907,0.0000
1.39807,0.04295,-0.02295,-1.997,0.089,-35.000,-36.907,0.0000
1.40054,0.04295,-0.02295,-1.997,0.089,-35.000,-36.907,0.0000
1.40310,0.04295,-0.02295,-1.997,0.089,-35.000,-36.908,0.0000
1.40509,0.04295,-0.02295,-1.997,0.089,-35.000,-36.908,0.0000
1.40709,0.04295,-0.02295,-1.998,0.089,-35.000,-36.908,0.0000
1.40909,0.04295,-0.02295,-1.998,0.089,-35.000,-36.908,0.0000
1.41109,0.04295,-0.02295,-1.998,0.089,-35.000,-36.909,0.0000
1.41309,0.04295,-0.02295,-1.998,0.089,-35.000,-36.909,0.0000
1.41509,0.04295,-0.02295,-1.999,0.089,-35.000,-36.909,0.0000
1.41709,0.04295,-0.02295,-1.999,0.089,-35.000,-36.909,0.0000
1.41909,0.04295,-0.02295,-1.999,0.089,-35.000,-36.909,0.0000
1.42109,0.04295,-0.02295,-1.999,0.089,-35.000,-36.910,0.0000
1.42309,0.04295,-0.02295,-1.999,0.089,-35.000,-36.910,0.0000
1.42510,0.04295,-0.02295,-2.000,0.089,-35.000,-36.910,0.0000
1.42709,0.04295,-0.02295,-2.000,0.089,-35.000,-36.910,0.0000
1.42909,0.04295,-0.02295,-2.000,0.089,-35.000,-36.911,0.0000
1.43109,0.04295,-0.02295,-2.000,0.089,-35.000,-36.911,0.0000
1.43309,0.04295,-0.02295,-2.001,0.089,-35.000,-36.911,0.0000
1.43509,0.04295,-0.02295,-2.001,0.089,-35.000,-36.911,0.0000
1.43708,0.04295,-0.02295,-2.001,0.089,-35.000,-36.912,0.0000
1.43910,0.04295,-0.02295,-2.001,0.089,-35.000,-36.912,0.0000
1.44109,0.04295,-0.02295,-2.001,0.089,-35.000,-36.912,0.0000
1.44309,0.04295,-0.02295,-2.002,0.089,-35.000,-36.912,0.0000
1.44509,0.04295,-0.02295,-2.002,0.089,-35.000,-36.912,0.0000
1.44709,0.04295,-0.02295,-2.002,0.089,-35.000,-36.913,0.0000
1.44909,0.04295,-0.02295,-2.002,0.089,-35.000,-36.913,0.0000
1.45109,0.04295,-0.02295,-2.003,0.089,-35.000,-36.913,0.0000
1.45309,0.04295,-0.02295,-2.003,0.089,-35.000,-36.913,0.0000
1.45509,0.04295,-0.02295,-2.003,0.089,-35.000,-36.914,0.0000
1.45709,0.04295,-0.02295,-2.003,0.089,-35.000,-36.914,0.0000
1.45909,0.04295,-0.02295,-2.004,0.089,-35.000,-36.914,0.0000
1.46109,0.04295,-0.02295,-2.004,0.089,-35.000,-36.914,0.0000
1.46309,0.04295,-0.02295,-2.004,0.089,-35.000,-36.915,0.0000
1.46508,0.04295,-0.02295,-2.004,0.089,-35.000,-36.915,0.0000
1.46708,0.04295,-0.02295,-2.004,0.089,-35.000,-36.915,0.0000
1.46907,0.04295,-0.02295,-2.005,0.089,-35.000,-36.915,0.0000
1.47107,0.04295,-0.02295,-2.005,0.089,-35.000,-36.915,0.0000
1.47307,0.04295,-0.02295,-2.005,0.089,-35.000,-36.916,0.0000
1.47507,0.04295,-0.02295,-2.005,0.089,-35.000,-36.916,0.0000
1.47707,0.04295,-0.02295,-2.006,0.089,-35.000,-36.916,0.0000
1.47907,0.04295,-0.02295,-2.006,0.089,-35.000,-36.916,0.0000
1.48107,0.04295,-0.02295,-2.006,0.089,-35.000,-36.917,0.0000
1.48307,0.04295,-0.02295,-2.006,0.089,-35.000,-36.917,0.0000
1.48507,0.04295,-0.02295,-2.007,0.089,-35.000,-36.917,0.0000
1.48707,0.04295,-0.02295,-2.007,0.089,-35.000,-36.917,0.0000
1.48907,0.04295,-0.02295,-2.007,0.089,-35.000,-36.917,0.0000
1.49107,0.04295,-0.02295,-2.007,0.089,-35.000,-36.918,0.0000
1.49307,0.04295,-0.02295,-2.007,0.089,-35.000,-36.918,0.0000
1.49507,0.04295,-0.02295,-2.008,0.089,-35.000,-36.918,0.0000
1.49706,0.04295,-0.02295,-2.008,0.089,-35.000,-36.918,0.0000
1.49907,0.04295,-0.02295,-2.008,0.089,-35.000,-36.919,0.0000
1.50107,0.04295,-0.02295,-2.008,0.089,-35.000,-36.919,0.0000
1.50307,0.04295,-0.02295,-2.009,0.089,-35.000,-36.919,0.0000
1.50507,0.04295,-0.02295,-2.009,0.089,-35.000,-36.919,0.0000
1.50707,0.04295,-0.02295,-2.009,0.089,-35.000,-36.920,0.0000
1.50907,0.04295,-0.02295,-2.009,0.089,-35.000,-36.920,0.0000
1.51107,0.04295,-0.02295,-2.010,0.089,-35.000,-36.920,0.0000
1.51307,0.04295,-0.02295,-2.010,0.089,-35.000,-36.920,0.0000
1.51507,0.04295,-0.02295,-2.010,0.089,-35.000,-36.920,0.0000
1.51707,0.04295,-0.02295,-2.010,0.089,-35.000,-36.921,0.0000
1.51906,0.04295,-0.02295,-2.010,0.089,-35.000,-36.921,0.0000
1.52106,0.04295,-0.02295,-2.011,0.089,-35.000,-36.921,0.0000
1.52307,0.04295,-0.02295,-2.011,0.089,-35.000,-36.921,0.0000
1.52507,0.04295,-0.02295,-2.011,0.089,-35.000,-36.922,0.0000
1.52706,0.04295,-0.02295,-2.011,0.089,-35.000,-36.922,0.0000
1.52907,0.04295,-0.02295,-2.012,0.089,-35.000,-36.922,0.0000
1.53107,0.04295,-0.02295,-2.012,0.089,-35.000,-36.922,0.0000
1.53307,0.04295,-0.02295,-2.012,0.089,-35.000,-36.923,0.0000
1.53507,0.04295,-0.02295,-2.012,0.089,-35.000,-36.923,0.0000
1.53706,0.04295,-0.02295,-2.013,0.089,-35.000,-36.923,0.0000
1.53906,0.04295,-0.02295,-2.013,0.089,-35.000,-36.923,0.0000
1.54106,0.04295,-0.02295,-2.013,0.089,-35.000,-36.923,0.0000
1.54306,0.04295,-0.02295,-2.013,0.089,-35.000,-36.924,0.0000
1.54506,0.04295,-0.02295,-2.013,0.089,-35.000,-36.924,0.0000
1.54706,0.04295,-0.02295,-2.014,0.089,-35.000,-36.924,0.0000
1.54906,0.04295,-0.02295,-2.014,0.089,-35.000,-36.924,0.0000
1.55106,0.04295,-0.02295,-2.014,0.089,-35.000,-36.925,0.0000
1.55306,0.04295,-0.02295,-2.014,0.089,-35.000,-36.925,0.0000
1.55506,0.04295,-0.02295,-2.015,0.089,-35.000,-36.925,0.0000
1.55706,0.04295,-0.02295,-2.015,0.089,-35.000,-36.925,0.0000
1.55906,0.04295,-0.02295,-2.015,0.089,-35.000,-36.926,0.0000
1.56106,0.04295,-0.02295,-2.015,0.089,-35.000,-36.926,0.0000
1.56307,0.04295,-0.02295,-2.015,0.089,-35.000,-36.926,0.0000
1.56506,0.04295,-0.02295,-2.016,0.089,-35.000,-36.926,0.0000
1.56706,0.04295,-0.02295,-2.016,0.089,-35.000,-36.926,0.0000
1.56906,0.04295,-0.02295,-2.016,0.089,-35.000,-36.927,0.0000
1.57106,0.04295,-0.02295,-2.016,0.089,-35.000,-36.927,0.0000
1.57306,0.04295,-0.02295,-2.017,0.089,-35.000,-36.927,0.0000
1.57507,0.04295,-0.02295,-2.017,0.089,-35.000,-36.927,0.0000
1.57706,0.04295,-0.02295,-2.017,0.089,-35.000,-36.928,0.0000
1.57906,0.04295,-0.02295,-2.017,0.089,-35.000,-36.928,0.0000
1.58106,0.04295,-0.02295,-2.018,0.089,-35.000,-36.928,0.0000
1.58345,0.04295,-0.02295,-2.018,0.089,-35.000,-36.928,0.0000
1.58608,0.04295,-0.02295,-2.018,0.089,-35.000,-36.929,0.0000
1.58807,0.04295,-0.02295,-2.018,0.089,-35.000,-36.929,0.0000
1.59007,0.04295,-0.02295,-2.019,0.089,-35.000,-36.929,0.0000
1.59207,0.04295,-0.02295,-2.019,0.089,-35.000,-36.929,0.0000
1.59407,0.04295,-0.02295,-2.019,0.089,-35.000,-36.930,0.0000
1.59607,0.04295,-0.02295,-2.019,0.089,-35.000,-36.930,0.0000
1.59806,0.04295,-0.02295,-2.020,0.089,-35.000,-36.930,0.0000
1.60006,0.04295,-0.02295,-2.020,0.089,-35.000,-36.930,0.0000
1.60206,0.04295,-0.02295,-2.020,0.089,-35.000,-36.930,0.0000
1.60406,0.04295,-0.02295,-2.020,0.089,-35.000,-36.931,0.0000
1.60606,0.04295,-0.02295,-2.020,0.089,-35.000,-36.931,0.0000
1.60806,0.04295,-0.02295,-2.021,0.089,-35.000,-36.931,0.0000
1.61006,0.04295,-0.02295,-2.021,0.089,-35.000,-36.931,0.0000
1.61206,0.04295,-0.02295,-2.021,0.089,-35.000,-36.932,0.0000
1.61406,0.04295,-0.02295,-2.021,0.089,-35.000,-36.932,0.0000
1.61606,0.04295,-0.02295,-2.022,0.089,-35.000,-36.932,0.0000
1.61806,0.04295,-0.02295,-2.022,0.089,-35.000,-36.932,0.0000
1.62006,0.04295,-0.02295,-2.022,0.089,-35.000,-36.933,0.0000
1.62206,0.04295,-0.02295,-2.022,0.089,-35.000,-36.933,0.0000
1.62406,0.04295,-0.02295,-2.022,0.089,-35.000,-36.933,0.0000
1.62606,0.04295,-0.02295,-2.023,0.089,-35.000,-36.933,0.0000
1.62806,0.04295,-0.02295,-2.023,0.089,-35.000,-36.933,0.0000
1.63006,0.04295,-0.02295,-2.023,0.089,-35.000,-36.934,0.0000
1.63206,0.04295,-0.02295,-2.023,0.089,-35.000,-36.934,0.0000
1.63407,0.04295,-0.02295,-2.024,0.089,-35.000,-36.934,0.0000
1.63606,0.04295,-0.02295,-2.024,0.089,-35.000,-36.934,0.0000
1.63806,0.04295,-0.02295,-2.024,0.089,-35.000,-36.935,0.0000
1.64006,0.04295,-0.02295,-2.024,0.089,-35.000,-36.935,0.0000
1.64206,0.04295,-0.02295,-2.025,0.089,-35.000,-36.935,0.0000
1.64406,0.04295,-0.02295,-2.025,0.089,-35.000,-36.935,0.0000
1.64606,0.04295,-0.02295,-2.025,0.089,-35.000,-36.936,0.0000
1.64806,0.04295,-0.02295,-2.025,0.089,-35.000,-36.936,0.0000
1.65006,0.04295,-0.02295,-2.025,0.089,-35.000,-36.936,0.0000
1.65206,0.04295,-0.02295,-2.026,0.089,-35.000,-36.936,0.0000
1.65406,0.04295,-0.02295,-2.026,0.089,-35.000,-36.936,0.0000
1.65606,0.04295,-0.02295,-2.026,0.089,-35.000,-36.937,0.0000
1.65806,0.04295,-0.02295,-2.026,0.089,-35.000,-36.937,0.0000
1.66006,0.04295,-0.02295,-2.027,0.089,-35.000,-36.937,0.0000
1.66206,0.04295,-0.02295,-2.027,0.089,-35.000,-36.937,0.0000
1.66406,0.04295,-0.02295,-2.027,0.089,-35.000,-36.938,0.0000
1.66606,0.04295,-0.02295,-2.027,0.089,-35.000,-36.938,0.0000
1.66806,0.04295,-0.02295,-2.028,0.089,-35.000,-36.938,0.0000
1.67006,0.04295,-0.02295,-2.028,0.089,-35.000,-36.938,0.0000
1.67206,0.04295,-0.02295,-2.028,0.089,-35.000,-36.938,0.0000
1.67407,0.04295,-0.02295,-2.028,0.089,-35.000,-36.939,0.0000
1.67606,0.04295,-0.02295,-2.028,0.089,-35.000,-36.939,0.0000
1.67806,0.04295,-0.02295,-2.029,0.089,-35.000,-36.939,0.0000
1.68006,0.04295,-0.02295,-2.029,0.089,-35.000,-36.939,0.0000
1.68206,0.04295,-0.02295,-2.029,0.089,-35.000,-36.940,0.0000
1.68406,0.04295,-0.02295,-2.029,0.089,-35.000,-36.940,0.0000
1.68606,0.04295,-0.02295,-2.030,0.089,-35.000,-36.940,0.0000
1.68806,0.04295,-0.02295,-2.030,0.089,-35.000,-36.940,0.0000
1.69006,0.04295,-0.02295,-2.030,0.089,-35.000,-36.941,0.0000
1.69206,0.04295,-0.02295,-2.030,0.089,-35.000,-36.941,0.0000
1.69406,0.04295,-0.02295,-2.031,0.089,-35.000,-36.941,0.0000
1.69606,0.04295,-0.02295,-2.031,0.089,-35.000,-36.941,0.0000
1.69806,0.04295,-0.02295,-2.031,0.089,-35.000,-36.941,0.0000
1.70006,0.04295,-0.02295,-2.031,0.089,-35.000,-36.942,0.0000
1.70206,0.04295,-0.02295,-2.031,0.089,-35.000,-36.942,0.0000
1.70406,0.04295,-0.02295,-2.032,0.089,-35.000,-36.942,0.0000
1.70606,0.04295,-0.02295,-2.032,0.089,-35.000,-36.942,0.0000
1.70806,0.04295,-0.02295,-2.032,0.089,-35.000,-36.943,0.0000
1.71006,0.04295,-0.02295,-2.032,0.089,-35.000,-36.943,0.0000
1.71206,0.04295,-0.02295,-2.033,0.089,-35.000,-36.943,0.0000
1.71405,0.04295,-0.02295,-2.033,0.089,-35.000,-36.943,0.0000
1.71605,0.04295,-0.02295,-2.033,0.089,-35.000,-36.944,0.0000
1.71805,0.04295,-0.02295,-2.033,0.089,-35.000,-36.944,0.0000
1.72007,0.04295,-0.02295,-2.034,0.089,-35.000,-36.944,0.0000
1.72207,0.04295,-0.02295,-2.034,0.089,-35.000,-36.944,0.0000
1.72408,0.04295,-0.02295,-2.034,0.089,-35.000,-36.944,0.0000
1.72607,0.04295,-0.02295,-2.034,0.089,-35.000,-36.945,0.0000
1.72806,0.04295,-0.02295,-2.034,0.089,-35.000,-36.945,0.0000
1.73008,0.04295,-0.02295,-2.035,0.089,-35.000,-36.945,0.0000
1.73208,0.04295,-0.02295,-2.035,0.089,-35.000,-36.945,0.0000
1.73408,0.04295,-0.02295,-2.035,0.089,-35.000,-36.946,0.0000
1.73608,0.04295,-0.02295,-2.035,0.089,-35.000,-36.946,0.0000
1.73807,0.04295,-0.02295,-2.036,0.089,-35.000,-36.946,0.0000
1.74008,0.04295,-0.02295,-2.036,0.089,-35.000,-36.946,0.0000
1.74208,0.04295,-0.02295,-2.036,0.089,-35.000,-36.947,0.0000
1.74406,0.04295,-0.02295,-2.036,0.089,-35.000,-36.947,0.0000
1.74607,0.04295,-0.02295,-2.036,0.089,-35.000,-36.947,0.0000
1.74808,0.04295,-0.02295,-2.037,0.089,-35.000,-36.947,0.0000
1.75008,0.04295,-0.02295,-2.037,0.089,-35.000,-36.947,0.0000
1.75208,0.04295,-0.02295,-2.037,0.089,-35.000,-36.948,0.0000
1.75408,0.04295,-0.02295,-2.037,0.089,-35.000,-36.948,0.0000
1.75607,0.04295,-0.02295,-2.038,0.089,-35.000,-36.948,0.0000
1.75807,0.04295,-0.02295,-2.038,0.089,-35.000,-36.948,0.0000
1.76008,0.04295,-0.02295,-2.038,0.089,-35.000,-36.949,0.0000
1.76207,0.04295,-0.02295,-2.038,0.089,-35.000,-36.949,0.0000
1.76407,0.04295,-0.02295,-2.039,0.089,-35.000,-36.949,0.0000
1.76608,0.04295,-0.02295,-2.039,0.089,-35.000,-36.949,0.0000
1.76808,0.04295,-0.02295,-2.039,0.089,-35.000,-36.950,0.0000
1.77008,0.04295,-0.02295,-2.039,0.089,-35.000,-36.950,0.0000
1.77208,0.04295,-0.02295,-2.039,0.089,-35.000,-36.950,0.0000
1.77407,0.04295,-0.02295,-2.040,0.089,-35.000,-36.950,0.0000
1.77607,0.04295,-0.02295,-2.040,0.089,-35.000,-36.950,0.0000
1.77807,0.04295,-0.02295,-2.040,0.089,-35.000,-36.951,0.0000
1.78007,0.04295,-0.02295,-2.040,0.089,-35.000,-36.951,0.0000
1.78207,0.04295,-0.02295,-2.041,0.089,-35.000,-36.951,0.0000
1.78407,0.04295,-0.02295,-2.041,0.089,-35.000,-36.951,0.0000
1.78607,0.04295,-0.02295,-2.041,0.089,-35.000,-36.952,0.0000
1.78807,0.04295,-0.02295,-2.041,0.089,-35.000,-36.952,0.0000
1.79008,0.04295,-0.02295,-2.042,0.089,-35.000,-36.952,0.0000
1.79207,0.04295,-0.02295,-2.042,0.089,-35.000,-36.952,0.0000
1.79407,0.04295,-0.02295,-2.042,0.089,-35.000,-36.952,0.0000
1.79607,0.04295,-0.02295,-2.042,0.089,-35.000,-36.953,0.0000
1.79808,0.04295,-0.02295,-2.042,0.089,-35.000,-36.953,0.0000
1.80007,0.04295,-0.02295,-2.043,0.089,-35.000,-36.953,0.0000
1.80207,0.04295,-0.02295,-2.043,0.089,-35.000,-36.953,0.0000
1.80407,0.04295,-0.02295,-2.043,0.089,-35.000,-36.954,0.0000
1.80607,0.04295,-0.02295,-2.043,0.089,-35.000,-36.954,0.0000
1.80807,0.04295,-0.02295,-2.044,0.089,-35.000,-36.954,0.0000
1.81007,0.04295,-0.02295,-2.044,0.089,-35.000,-36.954,0.0000
1.81207,0.04295,-0.02295,-2.044,0.089,-35.000,-36.955,0.0000
1.81407,0.04295,-0.02295,-2.044,0.089,-35.000,-36.955,0.0000
1.81608,0.04295,-0.02295,-2.045,0.089,-35.000,-36.955,0.0000
1.81807,0.04295,-0.02295,-2.045,0.089,-35.000,-36.955,0.0000
1.82007,0.04295,-0.02295,-2.045,0.089,-35.000,-36.955,0.0000
1.82207,0.04295,-0.02295,-2.045,0.089,-35.000,-36.956,0.0000
1.82407,0.04295,-0.02295,-2.045,0.089,-35.000,-36.956,0.0000
1.82607,0.04295,-0.02295,-2.046,0.089,-35.000,-36.956,0.0000
1.82807,0.04295,-0.02295,-2.046,0.089,-35.000,-36.956,0.0000
1.83007,0.04295,-0.02295,-2.046,0.089,-35.000,-36.957,0.0000
1.83208,0.04295,-0.02295,-2.046,0.089,-35.000,-36.957,0.0000
1.83407,0.04295,-0.02295,-2.047,0.089,-35.000,-36.957,0.0000
1.83607,0.04295,-0.02295,-2.047,0.089,-35.000,-36.957,0.0000
1.83808,0.04295,-0.02295,-2.047,0.089,-35.000,-36.958,0.0000
1.84007,0.04295,-0.02295,-2.047,0.089,-35.000,-36.958,0.0000
1.84207,0.04295,-0.02295,-2.048,0.089,-35.000,-36.958,0.0000
1.84407,0.04295,-0.02295,-2.048,0.089,-35.000,-36.958,0.0000
1.84607,0.04295,-0.02295,-2.048,0.089,-35.000,-36.958,0.0000
1.84807,0.04295,-0.02295,-2.048,0.089,-35.000,-36.959,0.0000
1.85007,0.04295,-0.02295,-2.048,0.089,-35.000,-36.959,0.0000
1.85208,0.04295,-0.02295,-2.049,0.089,-35.000,-36.959,0.0000
1.85407,0.04295,-0.02295,-2.049,0.089,-35.000,-36.959,0.0000
1.85607,0.04295,-0.02295,-2.049,0.089,-35.000,-36.960,0.0000
1.85807,0.04295,-0.02295,-2.049,0.089,-35.000,-36.960,0.0000
1.86007,0.04295,-0.02295,-2.050,0.089,-35.000,-36.960,0.0000
1.86207,0.04295,-0.02295,-2.050,0.089,-35.000,-36.960,0.0000
1.86407,0.04295,-0.02295,-2.050,0.089,-35.000,-36.961,0.0000
1.86607,0.04295,-0.02295,-2.050,0.089,-35.000,-36.961,0.0000
1.86807,0.04295,-0.02295,-2.050,0.089,-35.000,-36.961,0.0000
1.87007,0.04295,-0.02295,-2.051,0.089,-35.000,-36.961,0.0000
1.87207,0.04295,-0.02295,-2.051,0.089,-35.000,-36.961,0.0000
1.87408,0.04295,-0.02295,-2.051,0.089,-35.000,-36.962,0.0000
1.87607,0.04295,-0.02295,-2.051,0.089,-35.000,-36.962,0.0000
1.87807,0.04295,-0.02295,-2.052,0.089,-35.000,-36.962,0.0000
1.88010,0.04295,-0.02295,-2.052,0.089,-35.000,-36.962,0.0000
1.88208,0.04295,-0.02295,-2.052,0.089,-35.000,-36.963,0.0000
1.88407,0.04295,-0.02295,-2.052,0.089,-35.000,-36.963,0.0000
1.88607,0.04295,-0.02295,-2.053,0.089,-35.000,-36.963,0.0000
1.88807,0.04295,-0.02295,-2.053,0.089,-35.000,-36.963,0.0000
1.89007,0.04295,-0.02295,-2.053,0.089,-35.000,-36.964,0.0000
1.89207,0.04295,-0.02295,-2.053,0.089,-35.000,-36.964,0.0000
1.89407,0.04295,-0.02295,-2.053,0.089,-35.000,-36.964,0.0000
1.89607,0.04295,-0.02295,-2.054,0.089,-35.000,-36.964,0.0000
1.89807,0.04295,-0.02295,-2.054,0.089,-35.000,-36.964,0.0000
1.90007,0.04295,-0.02295,-2.054,0.089,-35.000,-36.965,0.0000
1.90207,0.04295,-0.02295,-2.054,0.089,-35.000,-36.965,0.0000
1.90407,0.04295,-0.02295,-2.055,0.089,-35.000,-36.965,0.0000
1.90607,0.04295,-0.02295,-2.055,0.089,-35.000,-36.965,0.0000
1.90807,0.04295,-0.02295,-2.055,0.089,-35.000,-36.966,0.0000
1.91007,0.04295,-0.02295,-2.055,0.089,-35.000,-36.966,0.0000
1.91207,0.04295,-0.02295,-2.056,0.089,-35.000,-36.966,0.0000
1.91407,0.04295,-0.02295,-2.056,0.089,-35.000,-36.966,0.0000
1.91607,0.04295,-0.02295,-2.056,0.089,-35.000,-36.966,0.0000
1.91807,0.04295,-0.02295,-2.056,0.089,-35.000,-36.967,0.0000
1.92007,0.04295,-0.02295,-2.056,0.089,-35.000,-36.967,0.0000
1.92207,0.04295,-0.02295,-2.057,0.089,-35.000,-36.967,0.0000
1.92406,0.04295,-0.02295,-2.057,0.089,-35.000,-36.967,0.0000
1.92607,0.04295,-0.02295,-2.057,0.089,-35.000,-36.968,0.0000
1.92807,0.04295,-0.02295,-2.057,0.089,-35.000,-36.968,0.0000
1.93007,0.04295,-0.02295,-2.058,0.089,-35.000,-36.968,0.0000
1.93207,0.04295,-0.02295,-2.058,0.089,-35.000,-36.968,0.0000
1.93407,0.04295,-0.02295,-2.058,0.089,-35.000,-36.969,0.0000
1.93607,0.04295,-0.02295,-2.058,0.089,-35.000,-36.969,0.0000
1.93807,0.04295,-0.02295,-2.059,0.089,-35.000,-36.969,0.0000
1.94007,0.04295,-0.02295,-2.059,0.089,-35.000,-36.969,0.0000
1.94207,0.04295,-0.02295,-2.059,0.089,-35.000,-36.969,0.0000
1.94407,0.04295,-0.02295,-2.059,0.089,-35.000,-36.970,0.0000
1.94607,0.04295,-0.02295,-2.059,0.089,-35.000,-36.970,0.0000
1.94807,0.04295,-0.02295,-2.060,0.089,-35.000,-36.970,0.0000
1.95007,0.04295,-0.02295,-2.060,0.089,-35.000,-36.970,0.0000
1.95206,0.04295,-0.02295,-2.060,0.089,-35.000,-36.971,0.0000
1.95407,0.04295,-0.02295,-2.060,0.089,-35.000,-36.971,0.0000
1.95607,0.04295,-0.02295,-2.061,0.089,-35.000,-36.971,0.0000
1.95807,0.04295,-0.02295,-2.061,0.089,-35.000,-36.971,0.0000
1.96005,0.04295,-0.02295,-2.061,0.089,-35.000,-36.972,0.0000
1.96204,0.04295,-0.02295,-2.061,0.089,-35.000,-36.972,0.0000
1.96404,0.04295,-0.02295,-2.062,0.089,-35.000,-36.972,0.0000
1.96605,0.04295,-0.02295,-2.062,0.089,-35.000,-36.972,0.0000
1.96808,0.04295,-0.02295,-2.062,0.089,-35.000,-36.972,0.0000
1.97005,0.04295,-0.02295,-2.062,0.089,-35.000,-36.973,0.0000
1.97205,0.04295,-0.02295,-2.062,0.089,-35.000,-36.973,0.0000
1.97405,0.04295,-0.02295,-2.063,0.089,-35.000,-36.973,0.0000
1.97605,0.04295,-0.02295,-2.063,0.089,-35.000,-36.973,0.0000
1.97805,0.04295,-0.02295,-2.063,0.089,-35.000,-36.974,0.0000
1.98005,0.04295,-0.02295,-2.063,0.089,-35.000,-36.974,0.0000
1.98205,0.04295,-0.02295,-2.064,0.089,-35.000,-36.974,0.0000
1.98405,0.04295,-0.02295,-2.064,0.089,-35.000,-36.974,0.0000
1.98605,0.04295,-0.02295,-2.064,0.089,-35.000,-36.975,0.0000
1.98805,0.04295,-0.02295,-2.064,0.089,-35.000,-36.975,0.0000
1.99005,0.04295,-0.02295,-2.064,0.089,-35.000,-36.975,0.0000
1.99210,0.04295,-0.02295,-2.065,0.089,-35.000,-36.975,0.0000
1.99406,0.04295,-0.02295,-2.065,0.089,-35.000,-36.975,0.0000
1.99605,0.04295,-0.02295,-2.065,0.089,-35.000,-36.976,0.0000
1.99805,0.04295,-0.02295,-2.065,0.089,-35.000,-36.976,0.0000
2.00005,0.04295,-0.02295,-2.066,0.089,-35.000,-36.976,0.0000
2.00205,0.04295,-0.02295,-2.066,0.089,-35.000,-36.976,0.0000
2.00405,0.04295,-0.02295,-2.066,0.089,-35.000,-36.977,0.0000
2.00605,0.04295,-0.02295,-2.066,0.089,-35.000,-36.977,0.0000
2.00804,0.04295,-0.02295,-2.067,0.089,-35.000,-36.977,0.0000
2.01005,0.04295,-0.02295,-2.067,0.089,-35.000,-36.977,0.0000
2.01204,0.04295,-0.02295,-2.067,0.089,-35.000,-36.978,0.0000
2.01404,0.04295,-0.02295,-2.067,0.089,-35.000,-36.978,0.0000
2.01605,0.04295,-0.02295,-2.067,0.089,-35.000,-36.978,0.0000
2.01804,0.04295,-0.02295,-2.068,0.089,-35.000,-36.978,0.0000
2.02005,0.04295,-0.02295,-2.068,0.089,-35.000,-36.978,0.0000
2.02205,0.04295,-0.02295,-2.068,0.089,-35.000,-36.979,0.0000
2.02405,0.04295,-0.02295,-2.068,0.089,-35.000,-36.979,0.0000
2.02605,0.04295,-0.02295,-2.069,0.089,-35.000,-36.979,0.0000
2.02805,0.04295,-0.02295,-2.069,0.089,-35.000,-36.979,0.0000
2.03006,0.04295,-0.02295,-2.069,0.089,-35.000,-36.980,0.0000
2.03205,0.04295,-0.02295,-2.069,0.089,-35.000,-36.980,0.0000
2.03405,0.04295,-0.02295,-2.070,0.089,-35.000,-36.980,0.0000
2.03604,0.04295,-0.02295,-2.070,0.089,-35.000,-36.980,0.0000
2.03805,0.04295,-0.02295,-2.070,0.089,-35.000,-36.980,0.0000
2.04005,0.04295,-0.02295,-2.070,0.089,-35.000,-36.981,0.0000
2.04205,0.04295,-0.02295,-2.070,0.089,-35.000,-36.981,0.0000
2.04405,0.04295,-0.02295,-2.071,0.089,-35.000,-36.981,0.0000
2.04605,0.04295,-0.02295,-2.071,0.089,-35.000,-36.981,0.0000
2.04805,0.04295,-0.02295,-2.071,0.089,-35.000,-36.982,0.0000
2.05005,0.04295,-0.02295,-2.071,0.089,-35.000,-36.982,0.0000
2.05205,0.04295,-0.02295,-2.072,0.089,-35.000,-36.982,0.0000
2.05405,0.04295,-0.02295,-2.072,0.089,-35.000,-36.982,0.0000
2.05605,0.04295,-0.02295,-2.072,0.089,-35.000,-36.983,0.0000
2.05805,0.04295,-0.02295,-2.072,0.089,-35.000,-36.983,0.0000
2.06005,0.04295,-0.02295,-2.073,0.089,-35.000,-36.983,0.0000
2.06205,0.04295,-0.02295,-2.073,0.089,-35.000,-36.983,0.0000
2.06405,0.04295,-0.02295,-2.073,0.089,-35.000,-36.983,0.0000
2.06605,0.04295,-0.02295,-2.073,0.089,-35.000,-36.984,0.0000
2.06805,0.04295,-0.02295,-2.073,0.089,-35.000,-36.984,0.0000
2.07005,0.04295,-0.02295,-2.074,0.089,-35.000,-36.984,0.0000
2.07205,0.04295,-0.02295,-2.074,0.089,-35.000,-36.984,0.0000
2.07405,0.04295,-0.02295,-2.074,0.089,-35.000,-36.985,0.0000
2.07605,0.04295,-0.02295,-2.074,0.089,-35.000,-36.985,0.0000
2.07805,0.04295,-0.02295,-2.075,0.089,-35.000,-36.985,0.0000
2.08004,0.04295,-0.02295,-2.075,0.089,-35.000,-36.985,0.0000
2.08205,0.04295,-0.02295,-2.075,0.089,-35.000,-36.986,0.0000
2.08405,0.04295,-0.02295,-2.075,0.089,-35.000,-36.986,0.0000
2.08605,0.04295,-0.02295,-2.076,0.089,-35.000,-36.986,0.0000
2.08805,0.04295,-0.02295,-2.076,0.089,-35.000,-36.986,0.0000
2.09005,0.04295,-0.02295,-2.076,0.089,-35.000,-36.986,0.0000
2.09205,0.04295,-0.02295,-2.076,0.089,-35.000,-36.987,0.0000
2.09405,0.04295,-0.02295,-2.076,0.089,-35.000,-36.987,0.0000
2.09605,0.04295,-0.02295,-2.077,0.089,-35.000,-36.987,0.0000
2.09805,0.04295,-0.02295,-2.077,0.089,-35.000,-36.987,0.0000
2.10005,0.04295,-0.02295,-2.077,0.089,-35.000,-36.988,0.0000
2.10204,0.04295,-0.02295,-2.077,0.089,-35.000,-36.988,0.0000
2.10405,0.04295,-0.02295,-2.078,0.089,-35.000,-36.988,0.0000
2.10605,0.04295,-0.02295,-2.078,0.089,-35.000,-36.988,0.0000
2.10805,0.04295,-0.02295,-2.078,0.089,-35.000,-36.989,0.0000
2.11005,0.04295,-0.02295,-2.078,0.089,-35.000,-36.989,0.0000
2.11205,0.04295,-0.02295,-2.078,0.089,-35.000,-36.989,0.0000
2.11405,0.04295,-0.02295,-2.079,0.089,-35.000,-36.989,0.0000
2.11605,0.04295,-0.02295,-2.079,0.089,-35.000,-36.989,0.0000
2.11805,0.04295,-0.02295,-2.079,0.089,-35.000,-36.990,0.0000
2.12005,0.04295,-0.02295,-2.079,0.089,-35.000,-36.990,0.0000
2.12205,0.04295,-0.02295,-2.080,0.089,-35.000,-36.990,0.0000
2.12405,0.04295,-0.02295,-2.080,0.089,-35.000,-36.990,0.0000
2.12605,0.04295,-0.02295,-2.080,0.089,-35.000,-36.991,0.0000
2.12805,0.04295,-0.02295,-2.080,0.089,-35.000,-36.991,0.0000
2.13005,0.04295,-0.02295,-2.081,0.089,-35.000,-36.991,0.0000
2.13206,0.04295,-0.02295,-2.081,0.089,-35.000,-36.991,0.0000
2.13405,0.04295,-0.02295,-2.081,0.089,-35.000,-36.992,0.0000
2.13605,0.04295,-0.02295,-2.081,0.089,-35.000,-36.992,0.0000
2.13805,0.04295,-0.02295,-2.081,0.089,-35.000,-36.992,0.0000
2.14006,0.04295,-0.02295,-2.082,0.089,-35.000,-36.992,0.0000
2.14205,0.04295,-0.02295,-2.082,0.089,-35.000,-36.992,0.0000
2.14405,0.04295,-0.02295,-2.082,0.089,-35.000,-36.993,0.0000
2.14605,0.04295,-0.02295,-2.082,0.089,-35.000,-36.993,0.0000
2.14805,0.04295,-0.02295,-2.083,0.089,-35.000,-36.993,0.0000
2.15005,0.04295,-0.02295,-2.083,0.089,-35.000,-36.993,0.0000
2.15205,0.04295,-0.02295,-2.083,0.089,-35.000,-36.994,0.0000
2.15405,0.04295,-0.02295,-2.083,0.089,-35.000,-36.994,0.0000
2.15605,0.04295,-0.02295,-2.084,0.089,-35.000,-36.994,0.0000
2.15805,0.04295,-0.02295,-2.084,0.089,-35.000,-36.994,0.0000
2.16005,0.04295,-0.02295,-2.084,0.089,-35.000,-36.994,0.0000
2.16205,0.04295,-0.02295,-2.084,0.089,-35.000,-36.995,0.0000
2.16405,0.04295,-0.02295,-2.084,0.089,-35.000,-36.995,0.0000
2.16605,0.04295,-0.02295,-2.085,0.089,-35.000,-36.995,0.0000
2.16906,0.04295,-0.02295,-2.085,0.089,-35.000,-36.996,0.0000
2.17105,0.04295,-0.02295,-2.085,0.089,-35.000,-36.996,0.0000
2.17305,0.04295,-0.02295,-2.085,0.089,-35.000,-36.996,0.0000
2.17505,0.04295,-0.02295,-2.086,0.089,-35.000,-36.996,0.0000
2.17705,0.04295,-0.02295,-2.086,0.089,-35.000,-36.996,0.0000
2.17905,0.04295,-0.02295,-2.086,0.089,-35.000,-36.997,0.0000
2.18105,0.04295,-0.02295,-2.086,0.089,-35.000,-36.997,0.0000
2.18305,0.04295,-0.02295,-2.087,0.089,-35.000,-36.997,0.0000
2.18505,0.04295,-0.02295,-2.087,0.089,-35.000,-36.997,0.0000
2.18705,0.04295,-0.02295,-2.087,0.089,-35.000,-36.998,0.0000
2.18905,0.04295,-0.02295,-2.087,0.089,-35.000,-36.998,0.0000
2.19105,0.04295,-0.02295,-2.088,0.089,-35.000,-36.998,0.0000
2.19305,0.04295,-0.02295,-2.088,0.089,-35.000,-36.998,0.0000
2.19505,0.04295,-0.02295,-2.088,0.089,-35.000,-36.999,0.0000
2.19705,0.04295,-0.02295,-2.088,0.089,-35.000,-36.999,0.0000
2.19905,0.04295,-0.02295,-2.088,0.089,-35.000,-36.999,0.0000
2.20105,0.04295,-0.02295,-2.089,0.089,-35.000,-36.999,0.0000
2.20305,0.04295,-0.02295,-2.089,0.089,-35.000,-36.999,0.0000
2.20505,0.04295,-0.02295,-2.089,0.089,-35.000,-37.000,0.0000
2.20705,0.04295,-0.02295,-2.089,0.089,-35.000,-37.000,0.0000
2.20905,0.04295,-0.02295,-2.090,0.089,-35.000,-37.000,0.0000
2.21105,0.04295,-0.02295,-2.090,0.089,-35.000,-37.000,0.0000
2.21305,0.04295,-0.02295,-2.090,0.089,-35.000,-37.001,0.0000
2.21505,0.04295,-0.02295,-2.090,0.089,-35.000,-37.001,0.0000
2.21705,0.04295,-0.02295,-2.091,0.089,-35.000,-37.001,0.0000
2.21905,0.04295,-0.02295,-2.091,0.089,-35.000,-37.001,0.0000
2.22105,0.04295,-0.02295,-2.091,0.089,-35.000,-37.001,0.0000
2.22305,0.04295,-0.02295,-2.091,0.089,-35.000,-37.002,0.0000
2.22505,0.04295,-0.02295,-2.091,0.089,-35.000,-37.002,0.0000
2.22705,0.04295,-0.02295,-2.092,0.089,-35.000,-37.002,0.0000
2.22905,0.04295,-0.02295,-2.092,0.089,-35.000,-37.002,0.0000
2.23137,0.04295,-0.02295,-2.092,0.089,-35.000,-37.003,0.0000
2.23408,0.04295,-0.02295,-2.092,0.089,-35.000,-37.003,0.0000
2.23609,0.04295,-0.02295,-2.093,0.089,-35.000,-37.003,0.0000
2.23807,0.04295,-0.02295,-2.093,0.089,-35.000,-37.003,0.0000
2.24007,0.04295,-0.02295,-2.093,0.089,-35.000,-37.004,0.0000
2.24207,0.04295,-0.02295,-2.093,0.089,-35.000,-37.004,0.0000
2.24407,0.04295,-0.02295,-2.094,0.089,-35.000,-37.004,0.0000
2.24608,0.04295,-0.02295,-2.094,0.089,-35.000,-37.004,0.0000
2.24807,0.04295,-0.02295,-2.094,0.089,-35.000,-37.005,0.0000
2.25006,0.04295,-0.02295,-2.094,0.089,-35.000,-37.005,0.0000
2.25205,0.04295,-0.02295,-2.095,0.089,-35.000,-37.005,0.0000
2.25405,0.04295,-0.02295,-2.095,0.089,-35.000,-37.005,0.0000
2.25605,0.04295,-0.02295,-2.095,0.089,-35.000,-37.006,0.0000
2.25809,0.04295,-0.02295,-2.095,0.089,-35.000,-37.006,0.0000
2.26004,0.04295,-0.02295,-2.095,0.089,-35.000,-37.006,0.0000
2.26204,0.04295,-0.02295,-2.096,0.089,-35.000,-37.006,0.0000
2.26404,0.04295,-0.02295,-2.096,0.089,-35.000,-37.006,0.0000
2.26604,0.04295,-0.02295,-2.096,0.089,-35.000,-37.007,0.0000
2.26804,0.04295,-0.02295,-2.096,0.089,-35.000,-37.007,0.0000
2.27004,0.04295,-0.02295,-2.097,0.089,-35.000,-37.007,0.0000
2.27203,0.04295,-0.02295,-2.097,0.089,-35.000,-37.007,0.0000
2.27403,0.04295,-0.02295,-2.097,0.089,-35.000,-37.008,0.0000
2.27603,0.04295,-0.02295,-2.097,0.089,-35.000,-37.008,0.0000
2.27803,0.04295,-0.02295,-2.098,0.089,-35.000,-37.008,0.0000
2.28003,0.04295,-0.02295,-2.098,0.089,-35.000,-37.008,0.0000
2.28204,0.04295,-0.02295,-2.098,0.089,-35.000,-37.008,0.0000
2.28403,0.04295,-0.02295,-2.098,0.089,-35.000,-37.009,0.0000
2.28603,0.04295,-0.02295,-2.098,0.089,-35.000,-37.009,0.0000
2.28803,0.04295,-0.02295,-2.099,0.089,-35.000,-37.009,0.0000
2.29004,0.04295,-0.02295,-2.099,0.089,-35.000,-37.009,0.0000
2.29203,0.04295,-0.02295,-2.099,0.089,-35.000,-37.010,0.0000
2.29403,0.04295,-0.02295,-2.099,0.089,-35.000,-37.010,0.0000
2.29603,0.04295,-0.02295,-2.100,0.089,-35.000,-37.010,0.0000
2.29803,0.04295,-0.02295,-2.100,0.089,-35.000,-37.010,0.0000
2.30003,0.04295,-0.02295,-2.100,0.089,-35.000,-37.011,0.0000
2.30203,0.04295,-0.02295,-2.100,0.089,-35.000,-37.011,0.0000
2.30403,0.04295,-0.02295,-2.101,0.089,-35.000,-37.011,0.0000
2.30603,0.04295,-0.02295,-2.101,0.089,-35.000,-37.011,0.0000
2.30803,0.04295,-0.02295,-2.101,0.089,-35.000,-37.011,0.0000
2.31003,0.04295,-0.02295,-2.101,0.089,-35.000,-37.012,0.0000
2.31204,0.04295,-0.02295,-2.101,0.089,-35.000,-37.012,0.0000
2.31403,0.04295,-0.02295,-2.102,0.089,-35.000,-37.012,0.0000
2.31603,0.04295,-0.02295,-2.102,0.089,-35.000,-37.012,0.0000
2.31803,0.04295,-0.02295,-2.102,0.089,-35.000,-37.013,0.0000
2.32003,0.04295,-0.02295,-2.102,0.089,-35.000,-37.013,0.0000
2.32203,0.04295,-0.02295,-2.103,0.089,-35.000,-37.013,0.0000
2.32403,0.04295,-0.02295,-2.103,0.089,-35.000,-37.013,0.0000
2.32603,0.04295,-0.02295,-2.103,0.089,-35.000,-37.014,0.0000
2.32803,0.04295,-0.02295,-2.103,0.089,-35.000,-37.014,0.0000
2.33003,0.04295,-0.02295,-2.104,0.089,-35.000,-37.014,0.0000
2.33203,0.04295,-0.02295,-2.104,0.089,-35.000,-37.014,0.0000
2.33404,0.04295,-0.02295,-2.104,0.089,-35.000,-37.014,0.0000
2.33603,0.04295,-0.02295,-2.104,0.089,-35.000,-37.015,0.0000
2.33803,0.04295,-0.02295,-2.104,0.089,-35.000,-37.015,0.0000
2.34003,0.04295,-0.02295,-2.105,0.089,-35.000,-37.015,0.0000
2.34203,0.04295,-0.02295,-2.105,0.089,-35.000,-37.015,0.0000
2.34403,0.04295,-0.02295,-2.105,0.089,-35.000,-37.016,0.0000
2.34603,0.04295,-0.02295,-2.105,0.089,-35.000,-37.016,0.0000
2.34803,0.04295,-0.02295,-2.106,0.089,-35.000,-37.016,0.0000
2.35003,0.04295,-0.02295,-2.106,0.089,-35.000,-37.016,0.0000
2.35203,0.04295,-0.02295,-2.106,0.089,-35.000,-37.017,0.0000
2.35403,0.04295,-0.02295,-2.106,0.089,-35.000,-37.017,0.0000
2.35603,0.04295,-0.02295,-2.106,0.089,-35.000,-37.017,0.0000
2.35803,0.04295,-0.02295,-2.107,0.089,-35.000,-37.017,0.0000
2.36006,0.04295,-0.02295,-2.107,0.089,-35.000,-37.017,0.0000
2.36203,0.04295,-0.02295,-2.107,0.089,-35.000,-37.018,0.0000
2.36403,0.04295,-0.02295,-2.107,0.089,-35.000,-37.018,0.0000
2.36603,0.04295,-0.02295,-2.108,0.089,-35.000,-37.018,0.0000
2.36803,0.04295,-0.02295,-2.108,0.089,-35.000,-37.018,0.0000
2.37004,0.04295,-0.02295,-2.108,0.089,-35.000,-37.019,0.0000
2.37204,0.04295,-0.02295,-2.108,0.089,-35.000,-37.019,0.0000
2.37403,0.04295,-0.02295,-2.109,0.089,-35.000,-37.019,0.0000
2.37603,0.04295,-0.02295,-2.109,0.089,-35.000,-37.019,0.0000
2.37803,0.04295,-0.02295,-2.109,0.089,-35.000,-37.020,0.0000
2.38003,0.04295,-0.02295,-2.109,0.089,-35.000,-37.020,0.0000
2.38203,0.04295,-0.02295,-2.109,0.089,-35.000,-37.020,0.0000
2.38403,0.04295,-0.02295,-2.110,0.089,-35.000,-37.020,0.0000
2.38603,0.04295,-0.02295,-2.110,0.089,-35.000,-37.020,0.0000
2.38803,0.04295,-0.02295,-2.110,0.089,-35.000,-37.021,0.0000
2.39003,0.04295,-0.02295,-2.110,0.089,-35.000,-37.021,0.0000
2.39203,0.04295,-0.02295,-2.111,0.089,-35.000,-37.021,0.0000
2.39403,0.04295,-0.02295,-2.111,0.089,-35.000,-37.021,0.0000
2.39603,0.04295,-0.02295,-2.111,0.089,-35.000,-37.022,0.0000
2.39803,0.04295,-0.02295,-2.111,0.089,-35.000,-37.022,0.0000
2.40002,0.04295,-0.02295,-2.112,0.089,-35.000,-37.022,0.0000
2.40203,0.04295,-0.02295,-2.112,0.089,-35.000,-37.022,0.0000
2.40403,0.04295,-0.02295,-2.112,0.089,-35.000,-37.022,0.0000
2.40603,0.04295,-0.02295,-2.112,0.089,-35.000,-37.023,0.0000
2.40803,0.04295,-0.02295,-2.112,0.089,-35.000,-37.023,0.0000
2.41003,0.04295,-0.02295,-2.113,0.089,-35.000,-37.023,0.0000
2.41203,0.04295,-0.02295,-2.113,0.089,-35.000,-37.023,0.0000
2.41403,0.04295,-0.02295,-2.113,0.089,-35.000,-37.024,0.0000
2.41603,0.04295,-0.02295,-2.113,0.089,-35.000,-37.024,0.0000
2.41803,0.04295,-0.02295,-2.114,0.089,-35.000,-37.024,0.0000
2.42003,0.04295,-0.02295,-2.114,0.089,-35.000,-37.024,0.0000
2.42203,0.04295,-0.02295,-2.114,0.089,-35.000,-37.025,0.0000
2.42403,0.04295,-0.02295,-2.114,0.089,-35.000,-37.025,0.0000
2.42602,0.04295,-0.02295,-2.115,0.089,-35.000,-37.025,0.0000
2.42802,0.04295,-0.02295,-2.115,0.089,-35.000,-37.025,0.0000
2.43002,0.04295,-0.02295,-2.115,0.089,-35.000,-37.025,0.0000
2.43203,0.04295,-0.02295,-2.115,0.089,-35.000,-37.026,0.0000
2.43402,0.04295,-0.02295,-2.115,0.089,-35.000,-37.026,0.0000
2.43602,0.04295,-0.02295,-2.116,0.089,-35.000,-37.026,0.0000
2.43802,0.04295,-0.02295,-2.116,0.089,-35.000,-37.026,0.0000
2.44003,0.04295,-0.02295,-2.116,0.089,-35.000,-37.027,0.0000
2.44203,0.04295,-0.02295,-2.116,0.089,-35.000,-37.027,0.0000
2.44403,0.04295,-0.02295,-2.117,0.089,-35.000,-37.027,0.0000
2.44602,0.04295,-0.02295,-2.117,0.089,-35.000,-37.027,0.0000
2.44803,0.04295,-0.02295,-2.117,0.089,-35.000,-37.028,0.0000
2.45002,0.04295,-0.02295,-2.117,0.089,-35.000,-37.028,0.0000
2.45202,0.04295,-0.02295,-2.118,0.089,-35.000,-37.028,0.0000
2.45402,0.04295,-0.02295,-2.118,0.089,-35.000,-37.028,0.0000
2.45602,0.04295,-0.02295,-2.118,0.089,-35.000,-37.028,0.0000
2.45802,0.04295,-0.02295,-2.118,0.089,-35.000,-37.029,0.0000
2.46002,0.04295,-0.02295,-2.118,0.089,-35.000,-37.029,0.0000
2.46202,0.04295,-0.02295,-2.119,0.089,-35.000,-37.029,0.0000
2.46402,0.04295,-0.02295,-2.119,0.089,-35.000,-37.029,0.0000
2.46602,0.04295,-0.02295,-2.119,0.089,-35.000,-37.030,0.0000
2.46802,0.04295,-0.02295,-2.119,0.089,-35.000,-37.030,0.0000
2.47002,0.04295,-0.02295,-2.120,0.089,-35.000,-37.030,0.0000
2.47202,0.04295,-0.02295,-2.120,0.089,-35.000,-37.030,0.0000
2.47402,0.04295,-0.02295,-2.120,0.089,-35.000,-37.031,0.0000
2.47602,0.04295,-0.02295,-2.120,0.089,-35.000,-37.031,0.0000
2.47802,0.04295,-0.02295,-2.120,0.089,-35.000,-37.031,0.0000
2.48002,0.04295,-0.02295,-2.121,0.089,-35.000,-37.031,0.0000
2.48202,0.04295,-0.02295,-2.121,0.089,-35.000,-37.031,0.0000
2.48402,0.04295,-0.02295,-2.121,0.089,-35.000,-37.032,0.0000
2.48602,0.04295,-0.02295,-2.121,0.089,-35.000,-37.032,0.0000
2.48802,0.04295,-0.02295,-2.122,0.089,-35.000,-37.032,0.0000
2.49002,0.04295,-0.02295,-2.122,0.089,-35.000,-37.032,0.0000
2.49202,0.04295,-0.02295,-2.122,0.089,-35.000,-37.033,0.0000
2.49402,0.04295,-0.02295,-2.122,0.089,-35.000,-37.033,0.0000
2.49602,0.04295,-0.02295,-2.123,0.089,-35.000,-37.033,0.0000
2.49802,0.04295,-0.02295,-2.123,0.089,-35.000,-37.033,0.0000
2.50002,0.04295,-0.02295,-2.123,0.089,-35.000,-37.034,0.0000
2.50202,0.04295,-0.02295,-2.123,0.089,-35.000,-37.034,0.0000
2.50402,0.04295,-0.02295,-2.123,0.089,-35.000,-37.034,0.0000
2.50602,0.04295,-0.02295,-2.124,0.089,-35.000,-37.034,0.0000
2.50802,0.04295,-0.02295,-2.124,0.089,-35.000,-37.034,0.0000
2.51002,0.04295,-0.02295,-2.124,0.089,-35.000,-37.035,0.0000
2.51202,0.04295,-0.02295,-2.124,0.089,-35.000,-37.035,0.0000
2.51402,0.04295,-0.02295,-2.125,0.089,-35.000,-37.035,0.0000
2.51602,0.04295,-0.02295,-2.125,0.089,-35.000,-37.035,0.0000
2.51802,0.04295,-0.02295,-2.125,0.089,-35.000,-37.036,0.0000
2.52002,0.04295,-0.02295,-2.125,0.089,-35.000,-37.036,0.0000
2.52202,0.04295,-0.02295,-2.126,0.089,-35.000,-37.036,0.0000
2.52402,0.04295,-0.02295,-2.126,0.089,-35.000,-37.036,0.0000
2.52602,0.04295,-0.02295,-2.126,0.089,-35.000,-37.036,0.0000
2.52802,0.04295,-0.02295,-2.126,0.089,-35.000,-37.037,0.0000
2.53002,0.04295,-0.02295,-2.126,0.089,-35.000,-37.037,0.0000
2.53202,0.04295,-0.02295,-2.127,0.089,-35.000,-37.037,0.0000
2.53401,0.04295,-0.02295,-2.127,0.089,-35.000,-37.037,0.0000
2.53602,0.04295,-0.02295,-2.127,0.089,-35.000,-37.038,0.0000
2.53802,0.04295,-0.02295,-2.127,0.089,-35.000,-37.038,0.0000
2.54002,0.04295,-0.02295,-2.128,0.089,-35.000,-37.038,0.0000
2.54202,0.04295,-0.02295,-2.128,0.089,-35.000,-37.038,0.0000
2.54401,0.04295,-0.02295,-2.128,0.089,-35.000,-37.039,0.0000
2.54601,0.04295,-0.02295,-2.128,0.089,-35.000,-37.039,0.0000
2.54801,0.04295,-0.02295,-2.129,0.089,-35.000,-37.039,0.0000
2.55001,0.04295,-0.02295,-2.129,0.089,-35.000,-37.039,0.0000
2.55201,0.04295,-0.02295,-2.129,0.089,-35.000,-37.039,0.0000
2.55401,0.04295,-0.02295,-2.129,0.089,-35.000,-37.040,0.0000
2.55601,0.04295,-0.02295,-2.129,0.089,-35.000,-37.040,0.0000
2.55801,0.04295,-0.02295,-2.130,0.089,-35.000,-37.040,0.0000
2.56001,0.04295,-0.02295,-2.130,0.089,-35.000,-37.040,0.0000
2.56202,0.04295,-0.02295,-2.130,0.089,-35.000,-37.041,0.0000
2.56402,0.04295,-0.02295,-2.130,0.089,-35.000,-37.041,0.0000
2.56601,0.04295,-0.02295,-2.131,0.089,-35.000,-37.041,0.0000
2.56801,0.04295,-0.02295,-2.131,0.089,-35.000,-37.041,0.0000
2.57002,0.04295,-0.02295,-2.131,0.089,-35.000,-37.042,0.0000
2.57201,0.04295,-0.02295,-2.131,0.089,-35.000,-37.042,0.0000
2.57401,0.04295,-0.02295,-2.132,0.089,-35.000,-37.042,0.0000
2.57601,0.04295,-0.02295,-2.132,0.089,-35.000,-37.042,0.0000
2.57801,0.04295,-0.02295,-2.132,0.089,-35.000,-37.042,0.0000
2.58001,0.04295,-0.02295,-2.132,0.089,-35.000,-37.043,0.0000
2.58201,0.04295,-0.02295,-2.132,0.089,-35.000,-37.043,0.0000
2.58401,0.04295,-0.02295,-2.133,0.089,-35.000,-37.043,0.0000
2.58601,0.04295,-0.02295,-2.133,0.089,-35.000,-37.043,0.0000
2.58801,0.04295,-0.02295,-2.133,0.089,-35.000,-37.044,0.0000
2.59001,0.04295,-0.02295,-2.133,0.089,-35.000,-37.044,0.0000
2.59201,0.04295,-0.02295,-2.134,0.089,-35.000,-37.044,0.0000
2.59401,0.04295,-0.02295,-2.134,0.089,-35.000,-37.044,0.0000
2.59601,0.04295,-0.02295,-2.134,0.089,-35.000,-37.045,0.0000
2.59801,0.04295,-0.02295,-2.134,0.089,-35.000,-37.045,0.0000
2.60001,0.04295,-0.02295,-2.134,0.089,-35.000,-37.045,0.0000
2.60201,0.04295,-0.02295,-2.135,0.089,-35.000,-37.045,0.0000
2.60401,0.04295,-0.02295,-2.135,0.089,-35.000,-37.045,0.0000
2.60601,0.04295,-0.02295,-2.135,0.089,-35.000,-37.046,0.0000
2.60801,0.04295,-0.02295,-2.135,0.089,-35.000,-37.046,0.0000
2.61001,0.04295,-0.02295,-2.136,0.089,-35.000,-37.046,0.0000
2.61201,0.04295,-0.02295,-2.136,0.089,-35.000,-37.046,0.0000
2.61401,0.04295,-0.02295,-2.136,0.089,-35.000,-37.047,0.0000
2.61601,0.04295,-0.02295,-2.136,0.089,-35.000,-37.047,0.0000
2.61801,0.04295,-0.02295,-2.137,0.089,-35.000,-37.047,0.0000
2.62001,0.04295,-0.02295,-2.137,0.089,-35.000,-37.047,0.0000
2.62201,0.04295,-0.02295,-2.137,0.089,-35.000,-37.048,0.0000
2.62401,0.04295,-0.02295,-2.137,0.089,-35.000,-37.048,0.0000
2.62601,0.04295,-0.02295,-2.137,0.089,-35.000,-37.048,0.0000
2.62801,0.04295,-0.02295,-2.138,0.089,-35.000,-37.048,0.0000
2.63001,0.04295,-0.02295,-2.138,0.089,-35.000,-37.048,0.0000
2.63201,0.04295,-0.02295,-2.138,0.089,-35.000,-37.049,0.0000
2.63401,0.04295,-0.02295,-2.138,0.089,-35.000,-37.049,0.0000
2.63601,0.04295,-0.02295,-2.139,0.089,-35.000,-37.049,0.0000
2.63801,0.04295,-0.02295,-2.139,0.089,-35.000,-37.049,0.0000
2.64033,0.04295,-0.02295,-2.139,0.089,-35.000,-37.050,0.0000
2.64302,0.04295,-0.02295,-2.139,0.089,-35.000,-37.050,0.0000
2.64501,0.04295,-0.02295,-2.140,0.089,-35.000,-37.050,0.0000
2.64701,0.04295,-0.02295,-2.140,0.089,-35.000,-37.050,0.0000
2.64901,0.04295,-0.02295,-2.140,0.089,-35.000,-37.051,0.0000
2.65101,0.04295,-0.02295,-2.140,0.089,-35.000,-37.051,0.0000
2.65301,0.04295,-0.02295,-2.141,0.089,-35.000,-37.051,0.0000
2.65501,0.04295,-0.02295,-2.141,0.089,-35.000,-37.051,0.0000
2.65701,0.04295,-0.02295,-2.141,0.089,-35.000,-37.052,0.0000
2.65901,0.04295,-0.02295,-2.141,0.089,-35.000,-37.052,0.0000
2.66101,0.04295,-0.02295,-2.141,0.089,-35.000,-37.052,0.0000
2.66301,0.04295,-0.02295,-2.142,0.089,-35.000,-37.052,0.0000
2.66501,0.04295,-0.02295,-2.142,0.089,-35.000,-37.052,0.0000
2.66701,0.04295,-0.02295,-2.142,0.089,-35.000,-37.053,0.0000
2.66901,0.04295,-0.02295,-2.142,0.089,-35.000,-37.053,0.0000
2.67102,0.04295,-0.02295,-2.143,0.089,-35.000,-37.053,0.0000
2.67301,0.04295,-0.02295,-2.143,0.089,-35.000,-37.053,0.0000
2.67501,0.04295,-0.02295,-2.143,0.089,-35.000,-37.054,0.0000
2.67701,0.04295,-0.02295,-2.143,0.089,-35.000,-37.054,0.0000
2.67901,0.04295,-0.02295,-2.144,0.089,-35.000,-37.054,0.0000
2.68101,0.04295,-0.02295,-2.144,0.089,-35.000,-37.054,0.0000
2.68301,0.04295,-0.02295,-2.144,0.089,-35.000,-37.055,0.0000
2.68501,0.04295,-0.02295,-2.144,0.089,-35.000,-37.055,0.0000
2.68701,0.04295,-0.02295,-2.144,0.089,-35.000,-37.055,0.0000
2.68901,0.04295,-0.02295,-2.145,0.089,-35.000,-37.055,0.0000
2.69101,0.04295,-0.02295,-2.145,0.089,-35.000,-37.055,0.0000
2.69301,0.04295,-0.02295,-2.145,0.089,-35.000,-37.056,0.0000
2.69501,0.04295,-0.02295,-2.145,0.089,-35.000,-37.056,0.0000
2.69701,0.04295,-0.02295,-2.146,0.089,-35.000,-37.056,0.0000
2.69901,0.04295,-0.02295,-2.146,0.089,-35.000,-37.056,0.0000
2.70101,0.04295,-0.02295,-2.146,0.089,-35.000,-37.057,0.0000
2.70301,0.04295,-0.02295,-2.146,0.089,-35.000,-37.057,0.0000
2.70501,0.04295,-0.02295,-2.147,0.089,-35.000,-37.057,0.0000
2.70701,0.04295,-0.02295,-2.147,0.089,-35.000,-37.057,0.0000
2.70901,0.04295,-0.02295,-2.147,0.089,-35.000,-37.057,0.0000
2.71101,0.04295,-0.02295,-2.147,0.089,-35.000,-37.058,0.0000
2.71301,0.04295,-0.02295,-2.147,0.089,-35.000,-37.058,0.0000
2.71501,0.04295,-0.02295,-2.148,0.089,-35.000,-37.058,0.0000
2.71701,0.04295,-0.02295,-2.148,0.089,-35.000,-37.058,0.0000
2.71901,0.04295,-0.02295,-2.148,0.089,-35.000,-37.059,0.0000
2.72101,0.04295,-0.02295,-2.148,0.089,-35.000,-37.059,0.0000
2.72301,0.04295,-0.02295,-2.149,0.089,-35.000,-37.059,0.0000
2.72501,0.04295,-0.02295,-2.149,0.089,-35.000,-37.059,0.0000
2.72701,0.04295,-0.02295,-2.149,0.089,-35.000,-37.060,0.0000
2.72901,0.04295,-0.02295,-2.149,0.089,-35.000,-37.060,0.0000
2.73101,0.04295,-0.02295,-2.150,0.089,-35.000,-37.060,0.0000
2.73301,0.04295,-0.02295,-2.150,0.089,-35.000,-37.060,0.0000
2.73501,0.04295,-0.02295,-2.150,0.089,-35.000,-37.060,0.0000
2.73701,0.04295,-0.02295,-2.150,0.089,-35.000,-37.061,0.0000
2.73901,0.04295,-0.02295,-2.150,0.089,-35.000,-37.061,0.0000
2.74101,0.04295,-0.02295,-2.151,0.089,-35.000,-37.061,0.0000
2.74300,0.04295,-0.02295,-2.151,0.089,-35.000,-37.061,0.0000
2.74500,0.04295,-0.02295,-2.151,0.089,-35.000,-37.062,0.0000
2.74701,0.04295,-0.02295,-2.151,0.089,-35.000,-37.062,0.0000
2.74901,0.04295,-0.02295,-2.152,0.089,-35.000,-37.062,0.0000
2.75100,0.04295,-0.02295,-2.152,0.089,-35.000,-37.062,0.0000
2.75300,0.04295,-0.02295,-2.152,0.089,-35.000,-37.063,0.0000
2.75501,0.04295,-0.02295,-2.152,0.089,-35.000,-37.063,0.0000
2.75700,0.04295,-0.02295,-2.153,0.089,-35.000,-37.063,0.0000
2.75900,0.04295,-0.02295,-2.153,0.089,-35.000,-37.063,0.0000
2.76100,0.04295,-0.02295,-2.153,0.089,-35.000,-37.063,0.0000
2.76301,0.04295,-0.02295,-2.153,0.089,-35.000,-37.064,0.0000
2.76500,0.04295,-0.02295,-2.153,0.089,-35.000,-37.064,0.0000
2.76700,0.04295,-0.02295,-2.154,0.089,-35.000,-37.064,0.0000
2.76900,0.04295,-0.02295,-2.154,0.089,-35.000,-37.064,0.0000
2.77102,0.04295,-0.02295,-2.154,0.089,-35.000,-37.065,0.0000
2.77300,0.04295,-0.02295,-2.154,0.089,-35.000,-37.065,0.0000
2.77500,0.04295,-0.02295,-2.155,0.089,-35.000,-37.065,0.0000
2.77700,0.04295,-0.02295,-2.155,0.089,-35.000,-37.065,0.0000
2.77900,0.04295,-0.02295,-2.155,0.089,-35.000,-37.066,0.0000
2.78100,0.04295,-0.02295,-2.155,0.089,-35.000,-37.066,0.0000
2.78300,0.04295,-0.02295,-2.155,0.089,-35.000,-37.066,0.0000
2.78500,0.04295,-0.02295,-2.156,0.089,-35.000,-37.066,0.0000
2.78700,0.04295,-0.02295,-2.156,0.089,-35.000,-37.066,0.0000
2.78900,0.04295,-0.02295,-2.156,0.089,-35.000,-37.067,0.0000
2.79100,0.04295,-0.02295,-2.156,0.089,-35.000,-37.067,0.0000
2.79300,0.04295,-0.02295,-2.157,0.089,-35.000,-37.067,0.0000
2.79500,0.04295,-0.02295,-2.157,0.089,-35.000,-37.067,0.0000
2.79700,0.04295,-0.02295,-2.157,0.089,-35.000,-37.068,0.0000
2.79900,0.04295,-0.02295,-2.157,0.089,-35.000,-37.068,0.0000
2.80100,0.04295,-0.02295,-2.158,0.089,-35.000,-37.068,0.0000
2.80300,0.04295,-0.02295,-2.158,0.089,-35.000,-37.068,0.0000
2.80500,0.04295,-0.02295,-2.158,0.089,-35.000,-37.069,0.0000
2.80700,0.04295,-0.02295,-2.158,0.089,-35.000,-37.069,0.0000
2.80901,0.04295,-0.02295,-2.158,0.089,-35.000,-37.069,0.0000
2.81100,0.04295,-0.02295,-2.159,0.089,-35.000,-37.069,0.0000
2.81300,0.04295,-0.02295,-2.159,0.089,-35.000,-37.069,0.0000
2.81500,0.04295,-0.02295,-2.159,0.089,-35.000,-37.070,0.0000
2.81700,0.04295,-0.02295,-2.159,0.089,-35.000,-37.070,0.0000
2.81900,0.04295,-0.02295,-2.160,0.089,-35.000,-37.070,0.0000
2.82100,0.04295,-0.02295,-2.160,0.089,-35.000,-37.070,0.0000
2.82300,0.04295,-0.02295,-2.160,0.089,-35.000,-37.071,0.0000
2.82500,0.04295,-0.02295,-2.160,0.089,-35.000,-37.071,0.0000
2.82700,0.04295,-0.02295,-2.161,0.089,-35.000,-37.071,0.0000
2.82900,0.04295,-0.02295,-2.161,0.089,-35.000,-37.071,0.0000
2.83100,0.04295,-0.02295,-2.161,0.089,-35.000,-37.071,0.0000
2.83300,0.04295,-0.02295,-2.161,0.089,-35.000,-37.072,0.0000
2.83500,0.04295,-0.02295,-2.161,0.089,-35.000,-37.072,0.0000
2.83700,0.04295,-0.02295,-2.162,0.089,-35.000,-37.072,0.0000
2.83900,0.04295,-0.02295,-2.162,0.089,-35.000,-37.072,0.0000
2.84100,0.04295,-0.02295,-2.162,0.089,-35.000,-37.073,0.0000
2.84300,0.04295,-0.02295,-2.162,0.089,-35.000,-37.073,0.0000
2.84500,0.04295,-0.02295,-2.163,0.089,-35.000,-37.073,0.0000
2.84700,0.04295,-0.02295,-2.163,0.089,-35.000,-37.073,0.0000
2.84900,0.04295,-0.02295,-2.163,0.089,-35.000,-37.074,0.0000
2.85100,0.04295,-0.02295,-2.163,0.089,-35.000,-37.074,0.0000
2.85300,0.04295,-0.02295,-2.164,0.089,-35.000,-37.074,0.0000
2.85500,0.04295,-0.02295,-2.164,0.089,-35.000,-37.074,0.0000
2.85700,0.04295,-0.02295,-2.164,0.089,-35.000,-37.074,0.0000
2.85900,0.04295,-0.02295,-2.164,0.089,-35.000,-37.075,0.0000
2.86100,0.04295,-0.02295,-2.164,0.089,-35.000,-37.075,0.0000
2.86300,0.04295,-0.02295,-2.165,0.089,-35.000,-37.075,0.0000
2.86500,0.04295,-0.02295,-2.165,0.089,-35.000,-37.075,0.0000
2.86700,0.04295,-0.02295,-2.165,0.089,-35.000,-37.076,0.0000
2.86900,0.04295,-0.02295,-2.165,0.089,-35.000,-37.076,0.0000
2.87101,0.04295,-0.02295,-2.166,0.089,-35.000,-37.076,0.0000
2.87300,0.04295,-0.02295,-2.166,0.089,-35.000,-37.076,0.0000
2.87500,0.04295,-0.02295,-2.166,0.089,-35.000,-37.077,0.0000
2.87700,0.04295,-0.02295,-2.166,0.089,-35.000,-37.077,0.0000
2.87900,0.04295,-0.02295,-2.167,0.089,-35.000,-37.077,0.0000
2.88100,0.04295,-0.02295,-2.167,0.089,-35.000,-37.077,0.0000
2.88300,0.04295,-0.02295,-2.167,0.089,-35.000,-37.077,0.0000
2.88500,0.04295,-0.02295,-2.167,0.089,-35.000,-37.078,0.0000
2.88700,0.04295,-0.02295,-2.167,0.089,-35.000,-37.078,0.0000
2.88900,0.04295,-0.02295,-2.168,0.089,-35.000,-37.078,0.0000
2.89100,0.04295,-0.02295,-2.168,0.089,-35.000,-37.078,0.0000
2.89300,0.04295,-0.02295,-2.168,0.089,-35.000,-37.079,0.0000
2.89500,0.04295,-0.02295,-2.168,0.089,-35.000,-37.079,0.0000
2.89700,0.04295,-0.02295,-2.169,0.089,-35.000,-37.079,0.0000
2.89900,0.04295,-0.02295,-2.169,0.089,-35.000,-37.079,0.0000
2.90100,0.04295,-0.02295,-2.169,0.089,-35.000,-37.080,0.0000
2.90300,0.04295,-0.02295,-2.169,0.089,-35.000,-37.080,0.0000
2.90500,0.04295,-0.02295,-2.169,0.089,-35.000,-37.080,0.0000
2.90700,0.04295,-0.02295,-2.170,0.089,-35.000,-37.080,0.0000
2.90900,0.04295,-0.02295,-2.170,0.089,-35.000,-37.080,0.0000
2.91100,0.04295,-0.02295,-2.170,0.089,-35.000,-37.081,0.0000
2.91300,0.04295,-0.02295,-2.170,0.089,-35.000,-37.081,0.0000
2.91500,0.04295,-0.02295,-2.171,0.089,-35.000,-37.081,0.0000
2.91700,0.04295,-0.02295,-2.171,0.089,-35.000,-37.081,0.0000
2.91900,0.04295,-0.02295,-2.171,0.089,-35.000,-37.082,0.0000
2.92100,0.04295,-0.02295,-2.171,0.089,-35.000,-37.082,0.0000
2.92300,0.04295,-0.02295,-2.172,0.089,-35.000,-37.082,0.0000
2.92500,0.04295,-0.02295,-2.172,0.089,-35.000,-37.082,0.0000
2.92700,0.04295,-0.02295,-2.172,0.089,-35.000,-37.083,0.0000
2.92900,0.04295,-0.02295,-2.172,0.089,-35.000,-37.083,0.0000
2.93100,0.04295,-0.02295,-2.172,0.089,-35.000,-37.083,0.0000
2.93300,0.04295,-0.02295,-2.173,0.089,-35.000,-37.083,0.0000
2.93500,0.04295,-0.02295,-2.173,0.089,-35.000,-37.083,0.0000
2.93700,0.04295,-0.02295,-2.173,0.089,-35.000,-37.084,0.0000
2.93900,0.04295,-0.02295,-2.173,0.089,-35.000,-37.084,0.0000
2.94100,0.04295,-0.02295,-2.174,0.089,-35.000,-37.084,0.0000
2.94300,0.04295,-0.02295,-2.174,0.089,-35.000,-37.084,0.0000
2.94500,0.04295,-0.02295,-2.174,0.089,-35.000,-37.085,0.0000
2.94700,0.04295,-0.02295,-2.174,0.089,-35.000,-37.085,0.0000
2.94900,0.04295,-0.02295,-2.175,0.089,-35.000,-37.085,0.0000
2.95099,0.04295,-0.02295,-2.175,0.089,-35.000,-37.085,0.0000
2.95300,0.04295,-0.02295,-2.175,0.089,-35.000,-37.085,0.0000
2.95499,0.04295,-0.02295,-2.175,0.089,-35.000,-37.086,0.0000
2.95700,0.04295,-0.02295,-2.175,0.089,-35.000,-37.086,0.0000
2.95899,0.04295,-0.02295,-2.176,0.089,-35.000,-37.086,0.0000
2.96099,0.04295,-0.02295,-2.176,0.089,-35.000,-37.086,0.0000
2.96300,0.04295,-0.02295,-2.176,0.089,-35.000,-37.087,0.0000
2.96499,0.04295,-0.02295,-2.176,0.089,-35.000,-37.087,0.0000
2.96699,0.04295,-0.02295,-2.177,0.089,-35.000,-37.087,0.0000
2.96899,0.04295,-0.02295,-2.177,0.089,-35.000,-37.087,0.0000
2.97101,0.04295,-0.02295,-2.177,0.089,-35.000,-37.088,0.0000
2.97299,0.04295,-0.02295,-2.177,0.089,-35.000,-37.088,0.0000
2.97499,0.04295,-0.02295,-2.178,0.089,-35.000,-37.088,0.0000
2.97699,0.04295,-0.02295,-2.178,0.089,-35.000,-37.088,0.0000
2.97899,0.04295,-0.02295,-2.178,0.089,-35.000,-37.088,0.0000
2.98100,0.04295,-0.02295,-2.178,0.089,-35.000,-37.089,0.0000
2.98300,0.04295,-0.02295,-2.178,0.089,-35.000,-37.089,0.0000
2.98499,0.04295,-0.02295,-2.179,0.089,-35.000,-37.089,0.0000
2.98699,0.04295,-0.02295,-2.179,0.089,-35.000,-37.089,0.0000
2.98899,0.04295,-0.02295,-2.179,0.089,-35.000,-37.090,0.0000
2.99099,0.04295,-0.02295,-2.179,0.089,-35.000,-37.090,0.0000
2.99299,0.04295,-0.02295,-2.180,0.089,-35.000,-37.090,0.0000
2.99499,0.04295,-0.02295,-2.180,0.089,-35.000,-37.090,0.0000
2.99699,0.04295,-0.02295,-2.180,0.089,-35.000,-37.091,0.0000
2.99899,0.04295,-0.02295,-2.180,0.089,-35.000,-37.091,0.0000
3.00099,0.04295,-0.02295,-2.181,0.089,-35.000,-37.091,0.0000
