direction,target_rad,meas_rad,raw_current,effort
forward,-1.2,-1.2011069569144572,0.0,0.0
forward,-1.0,-1.0080201688520263,28.365079365079364,0.07630206349206346
forward,-0.8,-0.8086513642296832,28.714285714285715,0.07724142857142857
forward,-0.6,-0.6135923151542566,44.61904761904762,0.12002523809523813
forward,-0.4,-0.40957287036546614,39.0,0.10491000000000006
forward,-0.20000000000000007,-0.21322332951610415,44.0,0.11836
forward,0.0,-0.010689167712409471,39.0,0.10491000000000006
forward,0.19999999999999996,0.1886796369099338,39.0,0.10491000000000006
forward,0.3999999999999999,0.3921634058680338,23.49206349206349,0.0631936507936508
forward,0.5999999999999999,0.5921165841238575,28.0,0.07531999999999994
forward,0.7999999999999998,0.7913149464364359,28.682539682539684,0.07715603174603171
forward,0.9999999999999998,0.9908541933685445,28.158730158730158,0.0757469841269841
forward,1.2,1.1919030721871433,22.0,0.05918
reverse,1.2,1.1918787232857484,22.0,0.05918
reverse,0.9999999999999998,1.007825377640866,-34.0,-0.09145999999999996
reverse,0.7999999999999998,0.8068738944278468,-28.0,-0.07531999999999994
reverse,0.5999999999999999,0.6028787985404517,-12.0,-0.03228000000000001
reverse,0.3999999999999999,0.4034369472139234,-17.0,-0.04572999999999998
reverse,0.19999999999999996,0.2114215108128733,-44.6031746031746,-0.11998253968253973
reverse,0.0,0.009203884727313842,-34.0,-0.09145999999999996
reverse,-0.20000000000000007,-0.18714565612204823,-51.0,-0.13719000000000006
reverse,-0.4,-0.39106770530525853,-34.12698412698413,-0.09180158730158726
reverse,-0.6,-0.5890486225480859,-46.0,-0.12373999999999996
reverse,-0.8,-0.8007379712763047,0.0,0.0
reverse,-1.0,-0.9999363335888832,-1.0,-0.00269
reverse,-1.2,-1.2011069569144572,0.0,0.0
